Structure Number,Structure Name,Asset Class,Structure Type,Inventory Date,Section No.,Road No.,km,District,Municipality,Analysis Date,ACI  (Average Condition Index),PCI (Priority Condition Index)
1000,D353 over Steelpoort river,Bridge,Bridge,8/3/2021,,,,Sekhukhune,,6/30/2022,87.72,58.14
1006,P134/2 over river,Major Culvert,Culvert Major,2/3/2022,,,,Waterberg,,6/30/2022,88.73,94.43
1056,P95/1 over Aarons river,Bridge,Bridge,8/2/2021,,,,Sekhukhune,,6/30/2022,79.24,79.32
1068,D737 over Eloff river,Bridge,Bridge,8/4/2021,,,,Sekhukhune,,6/30/2022,95.28,91.36
1084,P33/1 over river,Bridge,Bridge,2/7/2022,,,,Capricorn,,6/30/2022,100,100
1105,P51/3  over Blood river,Bridge,Bridge,2/2/2022,,,,Sekhukhune,,6/30/2022,85.13,57.03
1120,P98/2 over river,Bridge,Bridge,9/4/2021,,,,Vhembe,,6/30/2022,92.63,81.06
1134,D 192 over Sterk river,Bridge,Bridge,9/10/2021,,,,Waterberg,,6/30/2022,84.38,95.71
1179,P33/1 over river,Bridge,Bridge,2/7/2022,,,,Capricorn,,6/30/2022,100,100
1192,D2700 over Crocodile river,Bridge,Bridge,8/23/2021,,,,Waterberg,,6/30/2022,88.99,89.13
1201,D447 over Brand Boontjies riv,Bridge,Bridge,7/31/2021,,,,Mopani,,6/30/2022,92.5,92.94
1209,D2533 over river,Bridge,Bridge,7/30/2021,,,,Waterberg,,6/30/2022,91.94,94.03
1210,D19 over Hout river,Bridge,Bridge,7/16/2021,,,,Capricorn,,6/30/2022,79.25,71.19
1233,P51/5 over Buffelsvlei river,Bridge,Bridge,2/1/2022,,,,Sekhukhune,,6/30/2022,89.29,67.47
1248,D1231 over Rooisloot river,Bridge,Bridge,9/9/2021,,,,Waterberg,,6/30/2022,82.86,56.8
1254,D1174 over Sand river,Bridge,Bridge,8/12/2021,,,,Vhembe,,6/30/2022,95.93,84.91
1256,D2631 over river,Bridge,Bridge,8/4/2021,,,,Sekhukhune,,6/30/2022,87.72,75.26
1313,D673 over Groot Letaba river,Bridge,Bridge,9/2/2021,,,,Mopani,,6/30/2022,94.2,72.99
1317,P116/1 over Blyde river,Bridge,Bridge,2/2/2022,,,,Mopani,,6/30/2022,90.99,94.73
1329,D1173 over Crocodile river,Bridge,Bridge,8/23/2021,,,,Waterberg,,6/30/2022,88.45,61.82
1333,D1089 over groot nyl river,Major Culvert,Culvert Major,7/27/2021,,,,Waterberg,,6/30/2022,92.05,96.93
1333A,D1087 over Groot Nyl river,Bridge,Bridge,7/27/2021,,,,Waterberg,,6/30/2022,91.88,96.64
1345,D2018 over Nzhelele river,Bridge,Bridge,8/12/2021,,,,Vhembe,,6/30/2022,97.32,97.56
1353,P134/1 over Tobias river,Bridge,Bridge,7/23/2021,,,,Waterberg,,6/30/2022,91.52,94.01
1355,P134/1 over Naboom spruit,Bridge,Bridge,7/22/2021,,,,Waterberg,,6/30/2022,85.6,71.95
1366,D2700 over river,Bridge,Bridge,8/23/2021,,,,Waterberg,,6/30/2022,74.74,23.55
1367,D1534 over river,Bridge,Bridge,8/6/2021,,,,Capricorn,,6/30/2022,91.18,91.54
1375,D1858 over Mogol river,Bridge,Bridge,7/29/2021,,,,Waterberg,,6/30/2022,87.19,82.97
1377,P94/2 over Brak River,Bridge,Bridge,9/4/2021,,,,Vhembe,,6/30/2022,94.2,85.28
1380,D710 over Klein Melk river,Bridge,Bridge,7/26/2021,,,,Waterberg,,6/30/2022,87.72,63.74
1381,D192 over Mmadikiri river,Bridge,Bridge,9/10/2021,,,,Waterberg,,6/30/2022,88.39,77.65
1384,D212 over river,Bridge,Bridge,8/4/2021,,,,Sekhukhune,,6/30/2022,76.34,83.82
1385,P146/1 over Mbezi river,Bridge,Bridge,8/2/2021,,,,Mopani,,6/30/2022,96.67,98.15
1387,D1888 over Steelpoort river,Bridge,Bridge,8/3/2021,,,,Sekhukhune,,6/30/2022,82.22,54.25
139,P98/2 over Sand river,Bridge,Bridge,9/4/2021,,,,Vhembe,,6/30/2022,91.58,77.7
1439,P18/2 over river,Bridge,Bridge,8/6/2021,,,,Capricorn,,6/30/2022,88.75,84.45
1446,D1663 over river,Bridge,Bridge,8/6/2021,,,,Capricorn,,6/30/2022,86.63,73.93
1449,D921 over Rooisloot river,Bridge,Bridge,9/7/2021,,,,Waterberg,,6/30/2022,93.08,89.87
1451,D600 over tobias spruit,Bridge,Bridge Cellular,7/22/2021,,,,Waterberg,,6/30/2022,90.84,95.39
1452,D1025 over Palala river,Bridge,Bridge,8/27/2021,,,,Waterberg,,6/30/2022,83.93,87.36
1458,D1890 over Steelpoort river,Bridge,Bridge,8/4/2021,,,,Sekhukhune,,6/30/2022,95.09,86.44
1465,P116/1 over sandspruit,Bridge,Bridge,1/31/2022,,,,Mopani,,6/30/2022,93.01,82.99
1511,D175 over Weidhoek spruit,Bridge,Bridge,7/27/2021,,,,Waterberg,,6/30/2022,85.04,88.26
1535,P135/1 over Nwanedzi river,Bridge,Bridge,8/12/2021,,,,Vhembe,,6/30/2022,90.62,80.4
1543,D171 over Tambotie river,Bridge,Bridge,8/30/2021,,,,Waterberg,,6/30/2022,94.87,90.82
1553,D1771 over river,Bridge,Bridge,8/2/2021,,,,Mopani,,6/30/2022,97.99,93.8
1573,P240/1 over Sand river,Bridge,Bridge,7/27/2021,,,,Waterberg,,6/30/2022,84.19,91.89
1574,P240/1 over Sand river,Bridge,Bridge,7/27/2021,,,,Waterberg,,6/30/2022,88.17,65.74
1576,D928 over river,Bridge,Bridge,7/30/2021,,,,Waterberg,,6/30/2022,75.51,53.14
1583,D11 over river,Bridge,Bridge,8/3/2021,,,,Mopani,,6/30/2022,98.21,98.86
1584,P1/3 over Rail,Bridge,Bridge,9/7/2021,,,,Waterberg,,6/30/2022,92.47,81.72
1593,D368 Over Doring Spruit,Bridge,Bridge,8/14/2021,,,,Vhembe,,6/30/2022,91.74,91.81
1596,P135/1 over Nwanedzi river,Bridge,Bridge,8/12/2021,,,,Vhembe,,6/30/2022,97.32,93.1
1609,D1827 over Selati river,Bridge,Bridge,8/4/2021,,,,Mopani,,6/30/2022,94.94,92.57
1610,D202 over Makhutswi river,Bridge,Bridge,8/4/2021,,,,Mopani,,6/30/2022,96.07,95.94
1612,D1942 over Nwanedzi river,Bridge,Bridge,8/11/2021,,,,Vhembe,,6/30/2022,95.09,95.59
1617,D19 over Sand river,Bridge,Bridge,7/21/2021,,,,Capricorn,,6/30/2022,89.32,87.36
1620,P116/1 over Riet spruit,Bridge,Bridge,1/27/2022,,,,Mopani,,6/30/2022,85.6,80.51
1621,D930 over Nyl river,Bridge,Bridge,9/10/2021,,,,Waterberg,,6/30/2022,88.84,83.09
1623,D192 over Mokamole river,Bridge,Bridge,9/8/2021,,,,Waterberg,,6/30/2022,87.46,90.09
1624,D2644 over river,Bridge,Bridge,8/30/2021,,,,Waterberg,,6/30/2022,84.56,29.66
1636,D2538 over river,Bridge,Bridge,8/18/2021,,,,Sekhukhune,,6/30/2022,89.29,83.68
1655,D1942 over river,Bridge,Bridge,8/11/2021,,,,Vhembe,,6/30/2022,96.43,95.72
1660,P51/3 over Bloed river,Bridge,Bridge,2/1/2022,,,,Sekhukhune,,6/30/2022,84.07,69.49
1664,D548 over river,Bridge,Bridge,9/5/2021,,,,Mopani,,6/30/2022,94.87,81.62
1676,D548 over Groot Letaba River,Bridge,Bridge,9/5/2021,,,,Mopani,,6/30/2022,90.62,60.42
1679,Jan Zeelie Bridge ( D854/river,Bridge,Bridge,8/10/2021,,,,Vhembe,,6/30/2022,89.06,83.34
1680,P18/2 over river,Bridge,Bridge,8/6/2021,,,,Capricorn,,6/30/2022,87.78,96.02
1681,P18/2 over river,Bridge,Bridge,8/6/2021,,,,Capricorn,,6/30/2022,82.96,83.73
1688,P171/1 over river,Bridge,Bridge,8/3/2021,,,,Sekhukhune,,6/30/2022,91.96,80.46
1690,D854 over Sand Sloot river,Bridge,Bridge,9/4/2021,,,,Vhembe,,6/30/2022,98.66,98.78
1693,D1942 over Sand river,Bridge,Bridge,8/11/2021,,,,Vhembe,,6/30/2022,92.63,90.02
1708,D1519 over Doornfonteintjies,Bridge,Bridge,8/26/2021,,,,Capricorn,,6/30/2022,80.58,67.98
1757,D932 over Bokpoort spruit,Bridge,Bridge,7/26/2021,,,,Waterberg,,6/30/2022,87.2,92.72
1758,D579 over Dwars river,Bridge,Bridge,7/26/2021,,,,Waterberg,,6/30/2022,95.98,91.35
1759,P240/1 over Loubad spruit,Bridge,Bridge,7/27/2021,,,,Waterberg,,6/30/2022,85.94,80.91
176,D972 over Dwars river,Bridge,Bridge,7/27/2021,,,,Waterberg,,6/30/2022,81.25,83.89
1760,D171 over Tambotie river,Bridge,Bridge,8/30/2021,,,,Waterberg,,6/30/2022,85.68,83.58
1761,D1460 over Klip river,Bridge,Bridge,8/27/2021,,,,Waterberg,,6/30/2022,80.13,87.43
1770,D192 over river,Bridge,Bridge,9/8/2021,,,,Waterberg,,6/30/2022,76.34,65.96
1826,D453 over Sand river,Bridge,Bridge,7/27/2021,,,,Capricorn,,6/30/2022,93.79,97.22
1827,D777 over Sand river,Bridge,Bridge,8/13/2021,,,,Vhembe,,6/30/2022,97.99,96.78
1846,D198  over Trib Of Olifants,Bridge,Bridge,8/2/2021,,,,Sekhukhune,,6/30/2022,83.04,82.99
1883,P116/1 over river,Bridge,Bridge,2/2/2022,,,,Mopani,,6/30/2022,90.56,80.4
1897,D198  over Olifants river,Bridge,Bridge,8/3/2021,,,,Sekhukhune,,6/30/2022,87.5,83.09
1898,D1589 over Brak river,Bridge,Bridge,8/26/2021,,,,Capricorn,,6/30/2022,84.93,81.71
1903,D1509 over Brand Boontjies riv,Bridge,Bridge,7/31/2021,,,,Mopani,,6/30/2022,94.44,97.56
1920,D1356 over river,Bridge,Bridge,8/4/2021,,,,Capricorn,,6/30/2022,90.83,93.69
1923,D879 over river,Bridge,Bridge,8/4/2021,,,,Capricorn,,6/30/2022,92.78,81.38
1924,D879 over river,Bridge,Bridge,8/4/2021,,,,Capricorn,,6/30/2022,90.56,80.45
1933,D978 over Thabanake river,Bridge,Bridge,9/6/2021,,,,Mopani,,6/30/2022,95.98,64.9
1936,D668 over river,Bridge,Bridge,8/5/2021,,,,Mopani,,6/30/2022,100,100
1937,P43/3 over river,Bridge,Bridge,1/31/2022,,,,Mopani,,6/30/2022,89.73,92.87
1962,D4000 over river,Bridge,Bridge,8/11/2021,,,,Capricorn,,6/30/2022,85.28,96.81
1976,D598 over Sterk river,Bridge,Bridge,7/22/2021,,,,Waterberg,,6/30/2022,92.52,95.39
1977,D1069 over Sterk river,Bridge,Bridge,9/8/2021,,,,Waterberg,,6/30/2022,77.23,84.17
1979,D710 over Waterhoek spruit,Bridge,Bridge,7/26/2021,,,,Waterberg,,6/30/2022,89.88,96.27
1980,D190 over Purekrans river,Bridge,Bridge,7/23/2021,,,,Waterberg,,6/30/2022,87.78,81.55
1981,D2661 over Palala river,Bridge,Bridge,7/23/2021,,,,Waterberg,,6/30/2022,82.14,84.09
1982,D190 over Bokpoort river,Bridge,Bridge,7/23/2021,,,,Waterberg,,6/30/2022,92.08,78.98
1988,Rail over P146/1,Bridge,Bridge,8/2/2021,,,,Mopani,,6/30/2022,100,100
2004,D548 over Groot Letaba river,Bridge,Bridge,9/5/2021,,,,Mopani,,6/30/2022,93.53,80.22
2005,D673 over Murle Brook river,Bridge,Bridge,9/5/2021,,,,Mopani,,6/30/2022,98.88,94.09
2032,D589 over river,Bridge,Bridge,9/2/2021,,,,Mopani,,6/30/2022,95.28,91.96
2041,P146/1 over Unduthlo spruit,Bridge,Bridge,8/2/2021,,,,Mopani,,6/30/2022,95.83,93.41
2054,P169/1 over Klip river,Bridge,Bridge,2/7/2022,,,,Sekhukhune,,6/30/2022,100,100
2097,D1399  over Aarons river,Bridge,Bridge,8/2/2021,,,,Sekhukhune,,6/30/2022,74.78,80.62
2105,D2537 over Hlahlaneng river,Bridge,Bridge,8/17/2021,,,,Sekhukhune,,6/30/2022,83.06,81.37
2121,D192 over river,Bridge,Bridge,9/9/2021,,,,Waterberg,,6/30/2022,81.43,75
2122,D2537 over river,Bridge,Bridge,8/18/2021,,,,Sekhukhune,,6/30/2022,89.44,65.61
2123,D2537 over Steelpoort river,Bridge,Bridge,8/19/2021,,,,Sekhukhune,,6/30/2022,69.64,43.8
2139,D4421 over Rail,Bridge,Bridge,2/7/2022,,,,Other,,6/30/2022,100,100
2162,D192 over river,Bridge,Bridge,9/8/2021,,,,Waterberg,,6/30/2022,83.71,62.87
2171,P169/3 over rail,Bridge,Bridge,8/18/2021,,,,Sekhukhune,,6/30/2022,89.72,84.52
2176,P169/3 over Spekboom river,Bridge,Bridge,8/18/2021,,,,Sekhukhune,,6/30/2022,61.16,21.09
2180,P169/1 over river,Bridge,Bridge,2/7/2022,,,,Sekhukhune,,6/30/2022,100,100
2193,P134/2 over river.,Bridge,Bridge Cellular,2/1/2022,,,,Waterberg,,6/30/2022,80.68,83.92
2194,P134/2 over river,Bridge,Bridge Cellular,2/1/2022,,,,Waterberg,,6/30/2022,90.62,96.02
2208,D567 over Elands river,Bridge,Bridge,9/8/2021,,,,Waterberg,,6/30/2022,78.35,83.36
2213,D1296  over river,Bridge,Bridge,8/19/2021,,,,Sekhukhune,,6/30/2022,76.56,64.84
2214,D873 over Mogalakwena river,Bridge,Bridge,8/26/2021,,,,Capricorn,,6/30/2022,87.55,60.96
2222,D1296  over Steelpoort river,Bridge,Bridge,8/4/2021,,,,Sekhukhune,,6/30/2022,86.31,66.1
2236,D856  over Moses river,Bridge,Bridge,8/2/2021,,,,Sekhukhune,,6/30/2022,75.22,57.23
2250,D1200 over Sand River,Bridge,Bridge,8/4/2021,,,,Capricorn,,6/30/2022,83.59,90.53
2279,D17 over Brak River,Bridge,Bridge,8/10/2021,,,,Vhembe,,6/30/2022,97.54,92.7
2286,D885 over Roodesloot ,Bridge,Bridge,8/19/2021,,,,Capricorn,,6/30/2022,91.93,91.95
2311,Rail over D2537,Bridge,Bridge,8/18/2021,,,,Sekhukhune,,6/30/2022,91.11,78.94
2322,D2535  over Moses river,Bridge,Bridge,8/3/2021,,,,Sekhukhune,,6/30/2022,76.45,75.15
2324,D17 over river,Bridge,Bridge,8/10/2021,,,,Vhembe,,6/30/2022,88.84,87.92
2327,D192 over Sterk river,Bridge,Bridge,9/10/2021,,,,Waterberg,,6/30/2022,85.19,95.14
2328,D673 over Rail,Bridge,Bridge,9/2/2021,,,,Mopani,,6/30/2022,95.56,93.34
2349,D523 over Hamawasha river,Bridge,Bridge,8/5/2021,,,,Mopani,,6/30/2022,96.11,97.74
2356A,P134/2 over Rail,Bridge,Bridge,1/27/2022,,,,Waterberg,,6/30/2022,89.73,86.03
2362,P51/3 over Diepkloof river,Bridge,Bridge,2/2/2022,,,,Sekhukhune,,6/30/2022,91.61,80.16
2383,D673 over river,Bridge,Bridge,9/2/2021,,,,Mopani,,6/30/2022,98.21,94.03
2399,P110/1 over Pienaars river,Bridge,Bridge,2/7/2022,,,,Waterberg,,6/30/2022,100,100
2424,D548 over river,Bridge,Bridge,9/5/2021,,,,Mopani,,6/30/2022,98.89,99.19
2444,P94/2 over river,Bridge,Bridge,8/10/2021,,,,Vhembe,,6/30/2022,83.04,81.49
2445,P94/2 over river,Bridge,Bridge,8/9/2021,,,,Vhembe,,6/30/2022,94.64,90.23
2446,P94/2 over Setonki River,Bridge,Bridge,8/9/2021,,,,Vhembe,,6/30/2022,87.55,82.77
2450,D673 over river,Bridge,Bridge,9/5/2021,,,,Mopani,,6/30/2022,96.11,95.21
2453,D2748 over Sand river,Bridge,Bridge,7/28/2021,,,,Waterberg,,6/30/2022,89.44,88.85
2455,D673 over river,Bridge,Bridge,9/5/2021,,,,Mopani,,6/30/2022,95,92.74
2522,D1200 over Hout river,Bridge,Bridge,8/4/2021,,,,Capricorn,,6/30/2022,88.51,63.25
2523,D869 over Brak river,Bridge,Bridge,8/31/2021,,,,Waterberg,,6/30/2022,81.32,78.52
2524,D869 over Bier spruit,Bridge,Bridge,7/30/2021,,,,Waterberg,,6/30/2022,82.33,62.37
2526,D1888  over railway,Bridge,Bridge,8/3/2021,,,,Sekhukhune,,6/30/2022,92.86,78.94
2527,D21 over river,Bridge,Bridge,9/4/2021,,,,Mopani,,6/30/2022,96.11,93.93
2541,P134/3 over Nkumpi river,Bridge,Bridge,1/27/2022,,,,Capricorn,,6/30/2022,75.89,51.6
2542,D869 over Bier spruit,Bridge,Bridge,7/30/2021,,,,Waterberg,,6/30/2022,83.88,83.34
2543,D869 over Brak spruit,Bridge,Bridge,9/1/2021,,,,Waterberg,,6/30/2022,72.43,28.82
2551,D21 over Selati river,Bridge,Bridge,9/4/2021,,,,Mopani,,6/30/2022,92.63,93.11
2569,D86 over Rail,Bridge,Bridge,8/4/2021,,,,Mopani,,6/30/2022,97.78,98.66
2611,D959 over Sinugane river,Bridge,Bridge,8/14/2021,,,,Vhembe,,6/30/2022,90.74,81.87
2726,P142/1 over river,Bridge,Bridge,9/4/2021,,,,Mopani,,6/30/2022,95.56,97.65
2727,D639 over Sterk river,Bridge,Bridge,9/8/2021,,,,Waterberg,,6/30/2022,79.39,71.77
2728,D190 over Sterk river,Bridge,Bridge,7/23/2021,,,,Waterberg,,6/30/2022,73.21,88.51
2743,D4260 over Motsemohlaba river,Bridge,Bridge,8/12/2021,,,,Sekhukhune,,6/30/2022,81.65,82.44
2744,D2534 over canal,Bridge,Bridge,8/19/2021,,,,Capricorn,,6/30/2022,95,77.2
2745,P207/1  over Groblersdal river,Bridge,Bridge,7/27/2021,,,,Sekhukhune,,6/30/2022,90.14,71.45
2746,P207/1 over canal,Bridge,Bridge Cellular,7/27/2021,,,,Sekhukhune,,6/30/2022,100,100
2747,P207/1 over canal,Bridge,Bridge Cellular,7/27/2021,,,,,,6/30/2022,100,100
2748,D959 over river,Bridge,Bridge,8/14/2021,,,,Vhembe,,6/30/2022,88.9,79.2
2804,P43/3 over river,Bridge,Bridge,1/31/2022,,,,Mopani,,6/30/2022,95.56,96.16
2805,D1489 over Hout river,Bridge,Bridge,9/5/2021,,,,Vhembe,,6/30/2022,93.53,81
2810,P207/1 over rail way,Bridge,Bridge,7/27/2021,,,,Sekhukhune,,6/30/2022,88.54,89.16
2817,P43/3 over river,Bridge,Bridge,2/1/2022,,,,Mopani,,6/30/2022,84.15,81.85
2846,P33/1 over Olifants river,Bridge,Bridge,2/7/2022,,,,Capricorn,,6/30/2022,100,100
2852,P98/2 over river,Bridge,Bridge,8/14/2021,,,,Vhembe,,6/30/2022,98.33,96.55
2935,D1235 over Crocodile river,Bridge,Bridge,8/31/2021,,,,Waterberg,,6/30/2022,82.14,79.88
2956,D192 over Sekelbos river,Bridge,Bridge,9/10/2021,,,,Waterberg,,6/30/2022,85,94.66
2987,D1253 over Luvuvhu river,Bridge,Bridge,9/2/2021,,,,Vhembe,,6/30/2022,91.74,81.62
3015,D5 over Sand river,Bridge,Bridge,7/27/2021,,,,Capricorn,,6/30/2022,83.46,83
3019,D180 over Buffel spruit,Bridge,Bridge,8/23/2021,,,,Waterberg,,6/30/2022,87.08,96.43
3041,D727 over Bier spruit,Bridge,Bridge,8/30/2021,,,,Waterberg,,6/30/2022,93.86,87.53
3048,P169/3  over river,Bridge,Bridge,8/18/2021,,,,Sekhukhune,,6/30/2022,82.5,81.11
3070,P98/2 over river,Bridge,Bridge,9/4/2021,,,,Vhembe,,6/30/2022,85.39,76.04
3080,D848 over river,Bridge,Bridge,7/31/2021,,,,Mopani,,6/30/2022,94.32,88.69
3081,D848 over Selokwe river,Bridge,Bridge,7/31/2021,,,,Mopani,,6/30/2022,92.68,89.27
3087,D1350 over river,Bridge,Bridge,9/5/2021,,,,Mopani,,6/30/2022,97.78,94.03
3092,D463 over Sand river,Bridge,Bridge,8/6/2021,,,,Capricorn,,6/30/2022,89.06,96.08
3094,P17/3 over river,Bridge,Bridge,1/31/2022,,,,Mopani,,6/30/2022,69.44,57.23
3095,P17/3 over Lions Donga river,Bridge,Bridge,1/31/2022,,,,Mopani,,6/30/2022,70.72,68.82
3119,D345 over Sterk river,Bridge,Bridge,9/10/2021,,,,Waterberg,,6/30/2022,86.51,94.23
3120,D579 over Palala river,Bridge,Bridge,8/27/2021,,,,Waterberg,,6/30/2022,88.73,92.42
3126,D1034 over Lindersloop,Bridge,Bridge,7/31/2021,,,,Mopani,,6/30/2022,94.31,92.59
3127,D19 over Bloed river,Bridge,Bridge,7/16/2021,,,,Capricorn,,6/30/2022,75.26,83.06
3182,P33/1 over Motse river,Bridge,Bridge,2/7/2022,,,,Sekhukhune,,6/30/2022,100,100
3188,D4260 over river,Bridge,Bridge,8/12/2021,,,,Sekhukhune,,6/30/2022,90,81.88
3221,D1656 over Makhutswi river,Bridge,Bridge,8/4/2021,,,,Mopani,,6/30/2022,93.75,92.42
3222,D1656 over Rail,Bridge,Bridge,8/4/2021,,,,Mopani,,6/30/2022,96.88,92.84
3236,D928 over river,Bridge,Bridge,8/23/2021,,,,Waterberg,,6/30/2022,90.85,94.18
3252,D617 over river,Bridge,Bridge,7/22/2021,,,,Capricorn,,6/30/2022,86.16,85.36
3307,D1909 over Klaserie river,Bridge,Bridge,8/2/2021,,,,Mopani,,6/30/2022,91.52,79.74
3322,D972 over Melk river,Bridge,Bridge,8/26/2021,,,,Waterberg,,6/30/2022,83.82,94.17
3323,D972 over Koperspruit river,Bridge,Bridge,8/27/2021,,,,Waterberg,,6/30/2022,94.44,98.11
3357,D887 over Mogalakwena River,Bridge,Bridge,2/2/2022,,,,Capricorn,,6/30/2022,84.93,84.8
3363,P135/1 over river,Bridge,Bridge,8/12/2021,,,,Vhembe,,6/30/2022,90.85,89.66
3397,D8 over Rail,Bridge,Bridge,9/5/2021,,,,Mopani,,6/30/2022,96.43,93.11
3420,D192 over Brak river,Bridge,Bridge,9/10/2021,,,,Waterberg,,6/30/2022,79.99,94.2
3437,D1257 over river,Bridge,Bridge,8/6/2021,,,,Capricorn,,6/30/2022,84.72,60.03
3450,D1803 over Blyde river,Bridge,Bridge,8/2/2021,,,,Mopani,,6/30/2022,97.77,92.68
3452,D192 over Braksloot river,Bridge,Bridge Cellular,9/13/2021,,,,Waterberg,,6/30/2022,82.95,84.65
346,P20/2 over Crocodile river,Bridge,Bridge,8/31/2021,,,,Waterberg,,6/30/2022,96.21,95.48
3524,P43/3 over Road,Bridge,Bridge,2/7/2022,,,,Mopani,,6/30/2022,100,100
3545,D241  over Kruis river,Bridge,Bridge,8/2/2021,,,,Sekhukhune,,6/30/2022,94.44,81.99
3613,D2672 over BrandBoontjiesriver,Bridge,Bridge,7/31/2021,,,,Mopani,,6/30/2022,95.54,96.35
3618,D202 over Ga-Selati river,Bridge,Bridge,8/4/2021,,,,Mopani,,6/30/2022,94.31,95.48
3630,D965 over future rail,Bridge,Bridge,9/9/2021,,,,Waterberg,,6/30/2022,85.28,94.48
3649,P54/1 over river,Bridge,Bridge,2/1/2022,,,,Capricorn,,6/30/2022,80.47,61.08
3661,D202 over river,Bridge,Bridge,8/4/2021,,,,Mopani,,6/30/2022,94.42,96.5
3664,P165/1 over Andries,Bridge,Bridge Cellular,7/22/2021,,,,Waterberg,,6/30/2022,87.78,87.27
3677,D9 over Nsami river,Bridge,Bridge,1/26/2022,,,,Mopani,,6/30/2022,88.39,61.41
3679,D9 over Shingwedzi river,Bridge,Bridge,1/26/2022,,,,Vhembe,,6/30/2022,91.52,87.63
3710,D2657 over Sand river,Bridge,Bridge,7/27/2021,,,,Capricorn,,6/30/2022,84.26,85.46
3743,D1942 Over River,Bridge,Bridge,8/11/2021,,,,Vhembe,,6/30/2022,93.53,86.14
3773,D1235 over Rhenoster spruit,Bridge,Bridge,8/31/2021,,,,Waterberg,,6/30/2022,82.25,52.01
3832,D1509 over river,Bridge,Bridge,8/31/2021,,,,Mopani,,6/30/2022,93.89,94.67
3841,D617 over river,Bridge,Bridge,7/27/2021,,,,Capricorn,,6/30/2022,93.61,96.91
3846,P98/2 over river,Bridge,Bridge,8/14/2021,,,,Vhembe,,6/30/2022,97.5,97.8
3894,D869 over river.,Major Culvert,Culvert Major,9/2/2021,,,,Waterberg,,6/30/2022,76.7,50.69
3895,D887 over river,Bridge,Bridge,2/2/2022,,,,Capricorn,,6/30/2022,87.95,92.33
3896,P43/3 over Road,Bridge,Bridge,2/7/2022,,,,Mopani,,6/30/2022,100,100
3899,D2534 over Elands river,Bridge,Bridge,8/19/2021,,,,Capricorn,,6/30/2022,98.21,97.82
3902,D1826 over river,Bridge,Bridge,9/4/2021,,,,Mopani,,6/30/2022,90.62,84.14
3906,D212  over river,Bridge,Bridge,8/4/2021,,,,Sekhukhune,,6/30/2022,82.81,82.35
3907,D212  over Dwars river,Bridge,Bridge,8/4/2021,,,,Sekhukhune,,6/30/2022,91.52,84.39
3985,D202 over river,Bridge,Bridge,8/4/2021,,,,Mopani,,6/30/2022,93.06,84.39
4006,D2534  over Trib of Olifants,Bridge,Bridge,8/19/2021,,,,Capricorn,,6/30/2022,93.3,96.96
4057,P135/1 over river,Bridge,Bridge,8/11/2021,,,,Vhembe,,6/30/2022,94.75,92.12
411,D1458  over Olifants river,Bridge,Bridge,8/5/2021,,,,Sekhukhune,,6/30/2022,86.16,58.35
4112,D1483 over river,Bridge,Bridge,8/9/2021,,,,Vhembe,,6/30/2022,92.63,94.09
4127,D1483 over river,Bridge,Bridge,8/9/2021,,,,Vhembe,,6/30/2022,94.61,94.92
4129,D1483 over river,Bridge,Bridge,8/9/2021,,,,Vhembe,,6/30/2022,97.77,97.36
4130,D930 over Rail,Bridge,Bridge,9/10/2021,,,,Waterberg,,6/30/2022,91.96,87.37
4133,D1483 over river,Bridge,Bridge,8/9/2021,,,,Vhembe,,6/30/2022,89.96,90.58
4138,D1483 over river,Bridge,Bridge,8/9/2021,,,,Vhembe,,6/30/2022,93.75,90.35
4139,D932 over Mmadikiri spruit,Bridge,Bridge,7/22/2021,,,,Waterberg,,6/30/2022,75.67,72.8
4146,D4050 over Mohlapitse river,Bridge,Bridge,8/13/2021,,,,Capricorn,,6/30/2022,94.64,87.67
4186,D1483 over river,Bridge,Bridge,8/9/2021,,,,Vhembe,,6/30/2022,92.46,93.16
4187,D1483 over river,Bridge,Bridge,8/9/2021,,,,Vhembe,,6/30/2022,91.7,81.86
4188,D175 over Rail,Bridge,Bridge,7/29/2021,,,,Waterberg,,6/30/2022,90.4,96.36
4196,D2701 over Rail,Bridge,Bridge,7/30/2021,,,,Waterberg,,6/30/2022,87.78,92.19
4207,D1483 over Kongo Loop,Bridge,Bridge,8/9/2021,,,,Vhembe,,6/30/2022,94.98,86.4
4208,D1483 over river,Bridge,Bridge,8/9/2021,,,,Vhembe,,6/30/2022,100,100
4210,D1483 Over River,Major Culvert,Culvert Major,8/9/2021,,,,Vhembe,,6/30/2022,100,100
4248,D1483 over river,Bridge,Bridge,8/9/2021,,,,Vhembe,,6/30/2022,90.18,83.11
4249,D1483 over river,Bridge,Bridge,8/9/2021,,,,Vhembe,,6/30/2022,97.39,93.11
4264,D1552 over Strydomsloop,Bridge,Bridge,8/4/2021,,,,Capricorn,,6/30/2022,86.05,85.75
4265,D1836 over Poer se Loop,Bridge,Bridge,7/26/2021,,,,Waterberg,,6/30/2022,78.35,74.9
4266,D1597 over river,Bridge,Bridge,7/27/2021,,,,Mopani,,6/30/2022,92.41,96.96
4283,D972 over river,Bridge,Bridge,7/28/2021,,,,Waterberg,,6/30/2022,93.33,96.66
4284,D972 over river,Bridge,Bridge,8/26/2021,,,,Waterberg,,6/30/2022,91.18,96.29
4297,D2460 over Crocodile river,Bridge,Bridge,8/23/2021,,,,Waterberg,,6/30/2022,83.93,86.07
4298,D148  over river,Bridge,Bridge,8/2/2021,,,,Sekhukhune,,6/30/2022,82.81,82.96
43,D1801 over Ramadipa river,Bridge,Bridge,9/2/2021,,,,Mopani,,6/30/2022,85.56,85.29
4302,D198  over Kruis river,Bridge,Bridge,8/2/2021,,,,Sekhukhune,,6/30/2022,81.25,82.82
4318,D2460 over Elandslaagte spruit,Bridge,Bridge,7/30/2021,,,,Waterberg,,6/30/2022,91.15,95.55
435,D2239 over river,Bridge,Bridge,9/5/2021,,,,Mopani,,6/30/2022,92.86,60.35
4360,D1174 over Nzhelele river,Bridge,Bridge,8/12/2021,,,,Vhembe,,6/30/2022,96.88,92.91
4361,D1034 over Brand Boontjies riv,Bridge,Bridge,8/3/2021,,,,Mopani,,6/30/2022,97.22,93.43
4428,D1675 over Matlabas river,Bridge,Bridge,8/24/2021,,,,Waterberg,,6/30/2022,83.93,91.08
4476,D1925 over Matlabas river,Bridge,Bridge,8/24/2021,,,,Waterberg,,6/30/2022,85.08,87.57
4519,D579 over Rooisloot river,Bridge,Bridge,9/6/2021,,,,Waterberg,,6/30/2022,86.94,92.7
4521,4521 - D1909 over river,Major Culvert,Culvert Major,8/2/2021,,,,,,6/30/2022,90.62,71.42
4540,D2551 over N1/27,Bridge,Bridge,2/7/2022,,,,Capricorn,,6/30/2022,100,100
4641,D2484  over river,Bridge,Bridge,8/4/2021,,,,Sekhukhune,,6/30/2022,94.27,92.74
4674,D617 over river,Bridge,Bridge,7/22/2021,,,,Capricorn,,6/30/2022,98.21,98.66
4675,D617 over river,Bridge,Bridge,7/22/2021,,,,Capricorn,,6/30/2022,98.33,98.78
4677,D617 over river,Bridge,Bridge,7/22/2021,,,,Capricorn,,6/30/2022,97.77,97.29
4730,D1261  over river,Bridge,Bridge,8/4/2021,,,,Sekhukhune,,6/30/2022,85.04,80.15
4784,D2001 over Conveyor,Major Culvert,Culvert Major,9/2/2021,,,,Waterberg,,6/30/2022,86.36,91.59
479,P33/1 over river,Bridge,Bridge,2/7/2022,,,,Capricorn,,6/30/2022,100,100
4812,D2515 over river,Bridge,Bridge,9/9/2021,,,,Waterberg,,6/30/2022,94.31,96.87
4833,P171/1  over river,Bridge,Bridge,8/3/2021,,,,Sekhukhune,,6/30/2022,96.11,82.44
4853,D845 over Kolope River,Bridge,Bridge,8/10/2021,,,,Vhembe,,6/30/2022,95.54,93.89
4854,D190 over river,Bridge,Bridge,7/26/2021,,,,Waterberg,,6/30/2022,89.55,82.54
4871,D544 over Bloed river,Bridge,Bridge,7/21/2021,,,,Capricorn,,6/30/2022,89.96,92.67
4970,D2181 over river,Bridge,Bridge,8/6/2021,,,,Capricorn,,6/30/2022,89.73,75.94
4999,D1649 over Crocodile river,Bridge,Bridge,7/30/2021,,,,Waterberg,,6/30/2022,92.41,91.73
5017,D845 Over River,,Culvert Lesser,8/10/2021,,,,Vhembe,,6/30/2022,100,100
5041,D1458  over river,Bridge,Bridge,8/5/2021,,,,Sekhukhune,,6/30/2022,73.21,80.97
508,D597 over Hout river,Bridge,Bridge,9/4/2021,,,,Vhembe,,6/30/2022,100,100
5106,D1170  over Selous river,Bridge,Bridge,8/2/2021,,,,Sekhukhune,,6/30/2022,85.04,78.38
5126,D723 over Rail,Bridge,Bridge,8/14/2021,,,,Vhembe,,6/30/2022,97.1,90.24
5156,D70 over river,Bridge,Bridge,8/2/2021,,,,Mopani,,6/30/2022,99.11,98.94
5200,D3790 over river,Bridge,Bridge,8/4/2021,,,,Mopani,,6/30/2022,99.11,95.4
5200B,D2692 over river,Bridge,Bridge,8/10/2021,,,,Vhembe,,6/30/2022,100,100
5213,D506 over Brak river,Bridge,Bridge,2/2/2022,,,,Vhembe,,6/30/2022,93.42,92.33
5239,D1292 over Hlangana River,Bridge,Bridge,9/6/2021,,,,Mopani,,6/30/2022,91.52,90.81
5280,D928 over river,Bridge,Bridge,7/30/2021,,,,Waterberg,,6/30/2022,99.17,99.51
5287,D977 over river,Bridge,Bridge,8/11/2021,,,,Capricorn,,6/30/2022,89.72,87.65
5317,D2692 Over River,Major Culvert,Culvert Major,8/10/2021,,,,Vhembe,,6/30/2022,94.32,85.06
5318,D2692 Over River,Bridge,Bridge Cellular,8/10/2021,,,,Vhembe,,6/30/2022,91.48,85.91
5320,D2692 Over River,Major Culvert,Culvert Major,8/10/2021,,,,Vhembe,,6/30/2022,100,100
5321,D2692 Over River,Major Culvert,Culvert Major,8/10/2021,,,,Vhembe,,6/30/2022,92.9,86.58
5322,D2692 Over River,Major Culvert,Culvert Major,8/10/2021,,,,Vhembe,,6/30/2022,100,100
5323,D2692 Over River,,Culvert Lesser,8/10/2021,,,,Vhembe,,6/30/2022,100,100
5324,D2692 Over River,,Culvert Lesser,8/10/2021,,,,Vhembe,,6/30/2022,100,100
5325,D2692 Over River,Bridge,Bridge Cellular,8/10/2021,,,,Vhembe,,6/30/2022,100,100
5455,P33/1 over river,Bridge,Bridge,2/7/2022,,,,Capricorn,,6/30/2022,100,100
5475,D2900 over Elands river,Bridge,Bridge,7/27/2021,,,,Sekhukhune,,6/30/2022,94.64,88.18
5477,D21 over Makhutswi River,Bridge,Bridge,9/4/2021,,,,Mopani,,6/30/2022,98.66,98.73
5602,D2512 over Groot Letaba,Bridge,Bridge,7/28/2021,,,,Mopani,,6/30/2022,96.43,97.08
5605,D3712 over Mutale river,Bridge,Bridge,9/1/2021,,,,Vhembe,,6/30/2022,95.31,89.91
5625,P278/1 over Nzhelele river,Bridge,Bridge,8/13/2021,,,,Vhembe,,6/30/2022,98.88,90.99
5687,#NAME?,Bridge,Bridge Cellular,8/1/2021,,,,,,6/30/2022,95.45,97.6
5749,D3708 over Luvuvhu river,Bridge,Bridge,8/30/2021,,,,Vhembe,,6/30/2022,98.44,84.59
5772,#NAME?,Bridge,Bridge Cellular,7/29/2021,,,,,,6/30/2022,91.76,96.96
5776,D3830 over Klein Letaba river,Bridge,Bridge,8/14/2021,,,,Vhembe,,6/30/2022,97.1,78.78
5802,D449 over Nzhelele river,Bridge,Bridge,8/13/2021,,,,Vhembe,,6/30/2022,97.9,81.44
5816,D4 over Karringmelk spruit,Bridge,Bridge,9/4/2021,,,,Vhembe,,6/30/2022,97.21,64.89
5820,D3756 over Luvuvhu river,Bridge,Bridge,9/1/2021,,,,Vhembe,,6/30/2022,99.11,95.4
5821,D3150 over Mokholotli river,Bridge,Bridge,8/1/2021,,,,Mopani,,6/30/2022,94.08,84.67
5848,D3709 over Mutshindudi river,Bridge,Bridge,8/31/2021,,,,Vhembe,,6/30/2022,96.21,96.34
5946,D4100 over river,Bridge,Bridge,8/13/2021,,,,Sekhukhune,,6/30/2022,85.04,80.81
5959,D4100 over Madibjanen river,Bridge,Bridge Cellular,8/13/2021,,,,Sekhukhune,,6/30/2022,77.51,84.49
5970,D4380 over river,Bridge,Bridge,9/7/2021,,,,Waterberg,,6/30/2022,94.75,82.01
5971,D4380 over Mogalakwena river,Bridge,Bridge,9/3/2021,,,,Waterberg,,6/30/2022,87.35,71.44
6030,D4250 over Ngwaritsi river,Bridge,Bridge,8/12/2021,,,,Sekhukhune,,6/30/2022,86.53,90.27
6087,Kalkspruit Tributary 1,Major Culvert,Culvert Major,7/16/2021,,,,Capricorn,,6/30/2022,91.19,93.03
6090,D1350 over river,Bridge,Bridge,7/30/2021,,,,Mopani,,6/30/2022,98.89,98.94
6095,#NAME?,Bridge,Bridge Cellular,7/30/2021,,,,,,6/30/2022,98.3,98.73
6101,D11 over Middle Letaba river,Bridge,Bridge,8/3/2021,,,,Mopani,,6/30/2022,94.87,86.58
6104,D3182 over Molototsi river,Bridge,Bridge,8/3/2021,,,,Mopani,,6/30/2022,99.17,95.86
6107,D4137 over Olifants river,Bridge,Bridge,8/17/2021,,,,Sekhukhune,,6/30/2022,89.29,82.44
6108,D3750 over Luvuvhu,Bridge,Bridge,9/1/2021,,,,Vhembe,,6/30/2022,94.71,91.52
6111,D4040 over Witsloot River,Bridge,Bridge,2/1/2022,,,,Capricorn,,6/30/2022,96.79,93.84
6112,D4190 over Mohlaletsi River,Bridge,Bridge,8/31/2021,,,,Sekhukhune,,6/30/2022,79.69,62
6113,D2657 over Koper Spruit,Bridge,Bridge,7/27/2021,,,,Capricorn,,6/30/2022,94.2,96.89
6114,D3332 over Hout river,Bridge,Bridge,8/26/2021,,,,Capricorn,,6/30/2022,95.22,90.41
6115,D999 Over Mphongolo River,Bridge,Bridge Cellular,8/30/2021,,,,Vhembe,,6/30/2022,60.8,11.14
6116,D3653 Over Mphongolo River,Bridge,Bridge Cellular,8/30/2021,,,,Vhembe,,6/30/2022,94.32,95.88
6117,6117 - D3903,Bridge,Bridge Cellular,9/3/2021,,,,,,6/30/2022,88.64,80.74
6118,6118 - D3901 over Moungwane river,Bridge,Bridge Cellular,9/3/2021,,,,Mopani,,6/30/2022,77.27,2.5
6125,D3500 over Pholotsi river,Bridge,Bridge,9/7/2021,,,,Waterberg,,6/30/2022,96.43,88.22
6126,D4380 over Thwathwe river,Bridge,Bridge Cellular,9/13/2021,,,,Waterberg,,6/30/2022,91.48,67.36
6129,D3893 over river,Bridge,Bridge,9/4/2021,,,,Mopani,,6/30/2022,97.32,97.12
6130,D11 over Lebjelebore river,Bridge,Bridge,8/1/2021,,,,Mopani,,6/30/2022,97.77,98.46
6131,D3881 over Thabina river,Bridge,Bridge,9/4/2021,,,,Mopani,,6/30/2022,98.21,94.03
6133,D3694 over river,Bridge,Bridge Cellular,9/4/2021,,,,Vhembe,,6/30/2022,95.74,96.34
6135,D1200 over Ga-Hlako River,Bridge,Bridge Cellular,8/20/2021,,,,Capricorn,,6/30/2022,84.38,35.33
6137,D3840 over Ka-malilibone river,Bridge,Bridge,7/28/2021,,,,Mopani,,6/30/2022,100,100
6138,D3810 Ext Over Klein Letaba,Bridge,Bridge,7/28/2021,,,,Mopani,,6/30/2022,99.11,98.94
6139,D4129 over Motse river,Bridge,Bridge,8/17/2021,,,,Sekhukhune,,6/30/2022,93.68,92.88
6141,Mmamerela River Bridge,Bridge,Bridge Cellular,8/11/2021,,,,Capricorn,,6/30/2022,97.16,95.04
6142,Tlhabasane River Bridge,Bridge,Bridge Cellular,8/11/2021,,,,Capricorn,,6/30/2022,86.17,29.5
6143,D3681 over Mutsindudi river,Bridge,Bridge,9/2/2021,,,,Vhembe,,6/30/2022,100,100
6144,D3681 over Tshinane river,Bridge,Bridge,9/2/2021,,,,Vhembe,,6/30/2022,100,100
6145,D4100 over Motsemohlaba river,Bridge,Bridge,8/12/2021,,,,Sekhukhune,,6/30/2022,84.35,76.53
6148,#NAME?,Bridge,Bridge Cellular,7/30/2021,,,,,,6/30/2022,95.45,97.58
6149,D3180 over Molototsi river,Bridge,Bridge,8/3/2021,,,,Mopani,,6/30/2022,98.66,98.73
6150,D1200 over Mogalakwena river,Bridge,Bridge,8/25/2021,,,,Capricorn,,6/30/2022,93.62,95.45
6151,D3697 over river,Bridge,Bridge,8/11/2021,,,,Vhembe,,6/30/2022,96.97,86.98
6152,D3708 over Mbwedi river,Bridge,Bridge,8/30/2021,,,,Vhembe,,6/30/2022,98.66,91.04
6153,D4100 over Makotswane river,Bridge,Bridge,8/12/2021,,,,Sekhukhune,,6/30/2022,88.06,83.89
6153B,D3748 over river,Bridge,Bridge,9/2/2021,,,,Vhembe,,6/30/2022,100,100
6154,D3761 Over Mambedi river,Bridge,Bridge,9/2/2021,,,,Vhembe,,6/30/2022,100,100
6156,D4050 over Sekantlana River,Bridge,Bridge Cellular,8/13/2021,,,,Capricorn,,6/30/2022,82.24,82.77
6157,D4050 over Sekantlana River Tributary,Bridge,Bridge Cellular,8/13/2021,,,,Capricorn,,6/30/2022,92.33,90.38
6158,D4050 over Mahlatjane river,Bridge,Bridge,8/13/2021,,,,Capricorn,,6/30/2022,91.07,96.99
6169,D1350 over river Botludi River,Bridge,Bridge,7/30/2021,,,,Mopani,,6/30/2022,98.89,98.94
6174,#NAME?,Bridge,Bridge Cellular,8/1/2021,,,,,,6/30/2022,95.45,97.58
6177,D5002 Over Munangahe River,Bridge,Bridge Cellular,9/1/2021,,,,Vhembe,,6/30/2022,86.17,82.77
6180,#NAME?,Bridge,Bridge Cellular,7/30/2021,,,,,,6/30/2022,97.16,97.31
6181,D3187 over Mmaba river,Bridge,Bridge,7/30/2021,,,,Mopani,,6/30/2022,96.43,97.01
6182,D3187 over river,Bridge,Bridge,7/30/2021,,,,Mopani,,6/30/2022,99.11,98.94
6184,D1350 over Nwanedzi river,Bridge,Bridge,7/31/2021,,,,Mopani,,6/30/2022,94.87,93.16
6186,D192 over Klein Mogalakwena ri,Bridge,Bridge,8/27/2021,,,,Waterberg,,6/30/2022,96.65,98
6190,D4204 over Mohlaletsi river,Bridge,Bridge,8/31/2021,,,,Sekhukhune,,6/30/2022,80.36,64.19
6196,6196 - D3771 over river,Bridge,Bridge,9/4/2021,,,,,,6/30/2022,99.11,98.94
6202,D1392 over river.,Bridge,Bridge Cellular,2/1/2022,,,,Sekhukhune,,6/30/2022,90.62,91.14
6204,#NAME?,Bridge,Bridge Cellular,7/31/2021,,,,,,6/30/2022,100,100
6205,P43/3 over Marupyabeni river,Bridge,Bridge,2/1/2022,,,,Mopani,,6/30/2022,91.29,81.84
6208,D4055 over Olifants river,Bridge,Bridge,8/13/2021,,,,Capricorn,,6/30/2022,95.54,97.37
6209,Access road over Motse river,Bridge,Bridge,2/7/2022,,,,Sekhukhune,,6/30/2022,100,100
6210,P278/1 over Nzhelele River,Bridge,Bridge Cellular,9/3/2021,,,,Vhembe,,6/30/2022,69.32,82.77
6217,D3727 Over Klein Letaba,Bridge,Bridge,8/14/2021,,,,Vhembe,,6/30/2022,95.76,97.07
6227,D3847 over Molototsi river,Bridge,Bridge,7/28/2021,,,,Mopani,,6/30/2022,97.77,98.65
6229,D4137 over Olifants river,Bridge,Bridge,8/17/2021,,,,Sekhukhune,,6/30/2022,91.07,83.34
6230,D3507 over thwathwe,Bridge,Bridge Cellular,9/13/2021,,,,Waterberg,,6/30/2022,67.33,50.2
643,D1567 over Rietspruit,Bridge,Bridge,7/27/2021,,,,Capricorn,,6/30/2022,92.52,96.52
681,D1525 over river,Bridge,Bridge,8/3/2021,,,,Sekhukhune,,6/30/2022,82.22,79.32
769,D2538 over river,Bridge,Bridge Cellular,8/18/2021,,,,Sekhukhune,,6/30/2022,66.67,44.15
806,D710 over Klien Sand river.,Major Culvert,Culvert Major,7/26/2021,,,,Waterberg,,6/30/2022,85.83,86.29
814,P171/1 over river,Bridge,Bridge,8/3/2021,,,,Sekhukhune,,6/30/2022,89.72,77.19
837,D217 over Mogalakwena river,Bridge,Bridge,8/25/2021,,,,Capricorn,,6/30/2022,93.53,88.01
86,P95/1 over canal,Bridge,Bridge,8/3/2021,,,,Sekhukhune,,6/30/2022,93.33,84.94
88,P1/3 over Pienaars river,Bridge,Bridge,9/7/2021,,,,Waterberg,,6/30/2022,83.79,51.25
929,929 - D1498,Bridge,Bridge Cellular,9/5/2021,,,,Mopani,,6/30/2022,97.73,94.03
B194,Truss structure over Steelpoortriver,Bridge,Bridge,2/3/2022,,,,Sekhukhune,,6/30/2022,71.39,49.89
B6026,D4200 over Dithothwaneng River,Bridge,Bridge,9/1/2021,,,,Sekhukhune,,6/30/2022,82.14,77.9
C10001,Mokhutswe River Major Culvert,Major Culvert,Culvert Major,7/22/2021,,,,Capricorn,,6/30/2022,100,100
C10002,D1200 over Ga-Manasona Tributary 1,Major Culvert,Culvert Major,8/20/2021,,,,Capricorn,,6/30/2022,96.31,97.12
C10003,D1200 over Ga-Mamasonya River Tributary 2,Major Culvert,Culvert Major,8/20/2021,,,,Capricorn,,6/30/2022,97.16,96.58
C10004,D3277 over Morotsi Tributary 1,Major Culvert,Culvert Major,8/25/2021,,,,Capricorn,,6/30/2022,93.18,90
C10005,D3277 over Morotsi River Tributary 2,Major Culvert,Culvert Major,8/25/2021,,,,Capricorn,,6/30/2022,91.76,84.68
C10006,D3277 over Morotsi River tributary 3,Major Culvert,Culvert Major,8/25/2021,,,,Capricorn,,6/30/2022,94.89,93.6
C10007,D3277 over Morotsi River Tributary,Major Culvert,Culvert Major,8/25/2021,,,,Capricorn,,6/30/2022,91.76,87.44
C10008,D3277 over Morotsi River Tributary 5,Major Culvert,Culvert Major,8/25/2021,,,,Capricorn,,6/30/2022,89.35,94.98
C10009,D3277 over Morotsi Tributary 6,Major Culvert,Culvert Major,8/25/2021,,,,Mopani,,6/30/2022,89.77,46.7
C10010,D3277 over Morotsi River Tributary 7,Major Culvert,Culvert Major,8/25/2021,,,,Capricorn,,6/30/2022,85.51,54.24
C10011,D3277 over Morotsi River Tributary 9,Major Culvert,Culvert Major,8/25/2021,,,,Capricorn,,6/30/2022,90.06,87.31
C10012,New culver located.,Major Culvert,Culvert Major,2/3/2022,,,,Mopani,,6/30/2022,96.59,74.65
C10013,D1089 over groot nyl river,Major Culvert,Culvert Major,7/27/2021,,,,Waterberg,,6/30/2022,92.05,96.93
C10014,D1942 over river ,Major Culvert,Culvert Major,2/4/2022,,,,Vhembe,,6/30/2022,92.33,90.35
C10015,D1942 over river,Major Culvert,Culvert Major,2/4/2022,,,,Vhembe,,6/30/2022,81.53,62.78
M6508,Over canal,Bridge,Bridge Cellular,8/2/2021,,,,,,6/30/2022,100,100
M6583,D2538 over river,Bridge,Bridge Cellular,8/18/2021,,,,Sekhukhune,,6/30/2022,86.36,26.46
NB007,P135/1 over Nzhelele river,Bridge,Bridge,8/12/2021,,,,Vhembe,,6/30/2022,93.08,87.65
NB008,P165/1 over Olifants spruit,Major Culvert,Culvert Major,7/27/2021,,,,Waterberg,,6/30/2022,79.12,53.97
NB009,P165/1 over Olifantspruit river.,Bridge,Bridge Cellular,9/13/2021,,,,Waterberg,,6/30/2022,75.76,52.62
NB010,P165/1 over Olifantspruit river.,Major Culvert,Culvert Major,9/15/2021,,,,Waterberg,,6/30/2022,60.8,47.64
NB011,P165/1 over Olifantspruit tributary.,Major Culvert,Culvert Major,9/15/2021,,,,Waterberg,,6/30/2022,80.87,57.33
NB012,P240/1 over river,Bridge,Bridge,7/28/2021,,,,Waterberg,,6/30/2022,88.17,89.36
NB013,P240/1 over river,Bridge,Bridge Cellular,7/28/2021,,,,Waterberg,,6/30/2022,75.57,79.23
NB014,P277/1 over Mutale river,Bridge,Bridge,8/11/2021,,,,Vhembe,,6/30/2022,98.33,85.08
NB015,P277/1 over Mutshindudi river,Bridge,Bridge,9/1/2021,,,,Vhembe,,6/30/2022,100,100
NB016,P277/1 Tshinane river,Bridge,Bridge,9/1/2021,,,,Vhembe,,6/30/2022,95.31,83.08
NB017,P277/1 over river,Bridge,Bridge,8/31/2021,,,,Vhembe,,6/30/2022,94.2,79.63
NB018,P277/1 over Mbwedi river,Bridge,Bridge,8/31/2021,,,,Vhembe,,6/30/2022,91.29,81.86
NB019,P278/1 over Khandanama river,Bridge,Bridge,9/4/2021,,,,Vhembe,,6/30/2022,95.76,92.42
NB020,P278/1 over river,Bridge,Bridge,8/13/2021,,,,Vhembe,,6/30/2022,96.43,89.66
NB030,D1031 over river,Major Culvert,Culvert Major,7/21/2021,,,,Waterberg,,6/30/2022,77.84,84.36
NB031,D1031 over sand river.,Major Culvert,Culvert Major,9/2/2021,,,,Waterberg,,6/30/2022,60.37,53.27
NB032,D1082 over river,Major Culvert,Culvert Major,7/28/2021,,,,Waterberg,,6/30/2022,68.18,70.59
NB033,D1082 over Mokolo river.,Bridge,Bridge Cellular,9/13/2021,,,,Waterberg,,6/30/2022,72.73,55.88
NB036,Drift on road D1200,Bridge,Bridge,8/25/2021,,,,Capricorn,,6/30/2022,100,100
NB037,D1200 over Mogalakwena river,Bridge,Bridge,2/7/2022,,,,Capricorn,,6/30/2022,100,100
NB038,D1253 over Lotanyanda River,Bridge,Bridge,9/1/2021,,,,Vhembe,,6/30/2022,92.5,73.4
NB040,D1324 over Olifants spruit,Bridge,Bridge,7/27/2021,,,,Waterberg,,6/30/2022,84.56,81.4
NB041,D1371 over Matlabas river,Major Culvert,Culvert Major,7/21/2021,,,,Waterberg,,6/30/2022,98.86,98.38
NB042,D1435 over Dorps river tributary.,,Culvert Lesser,9/16/2021,,,,Waterberg,,6/30/2022,100,100
NB044,D1460 over Palala river,Bridge,Bridge,8/27/2021,,,,Waterberg,,6/30/2022,88.62,73.87
NB045,D1489 over  Sand river,Bridge,Bridge,9/5/2021,,,,Vhembe,,6/30/2022,79.87,46.3
NB046,D15 over river,Bridge,Bridge,8/4/2021,,,,Capricorn,,6/30/2022,86.94,87.28
NB049,D1603 over rooisloot river,Major Culvert,Culvert Major,9/14/2021,,,,Waterberg,,6/30/2022,87.5,80.92
NB050,D1613 over Nzhelele river.,Bridge,Bridge Cellular,2/2/2022,,,,Vhembe,,6/30/2022,83.24,76.76
NB053,D1754 over Palala river,Bridge,Bridge,8/30/2021,,,,Waterberg,,6/30/2022,87.39,73.4
NB057,D1776 over Olifantspruit river.,,Culvert Lesser,9/16/2021,,,,Waterberg,,6/30/2022,,100
NB058,D180 over Plat river,Major Culvert,Culvert Major,9/15/2021,,,,Waterberg,,6/30/2022,84.94,78.91
NB060,D19 over Rail,Bridge,Bridge,7/21/2021,,,,Capricorn,,6/30/2022,96.94,97.62
NB063,D1944 over Elands river,Bridge,Bridge,9/8/2021,,,,Waterberg,,6/30/2022,79.69,58.49
NB064,D1944 over river,Bridge,Bridge,9/7/2021,,,,Waterberg,,6/30/2022,90.85,96.83
NB065,D1958 over river,Bridge,Bridge,9/9/2021,,,,Capricorn,,6/30/2022,94.17,94.28
NB066,D2018 over Mutamba river,Bridge,Bridge,8/12/2021,,,,Vhembe,,6/30/2022,93.53,91.24
NB068,D2037 over Sand river,Bridge,Bridge,8/4/2021,,,,Capricorn,,6/30/2022,85.21,82.08
NB070,D2211 over Goud river,Bridge,Bridge,9/6/2021,,,,Waterberg,,6/30/2022,97.78,87
NB071,D2211 over Palala river,Major Culvert,Culvert Major,9/15/2021,,,,Waterberg,,6/30/2022,78.41,82.06
NB072,NB072 - D240 over Blyde river,Bridge,Bridge Cellular,8/2/2021,,,,,,6/30/2022,100,100
NB073,D2417 over river,Bridge,Bridge,9/8/2021,,,,Waterberg,,6/30/2022,92.17,92.44
NB074,D2417 over Elands river.,Major Culvert,Culvert Major,9/14/2021,,,,Waterberg,,6/30/2022,82.67,83.09
NB075,D2450 over river ,Major Culvert,Culvert Major,7/21/2021,,,,Waterberg,,6/30/2022,90.34,82.67
NB076,D2475 Over River,Major Culvert,Culvert Major,9/2/2021,,,,Vhembe,,6/30/2022,83.52,79.32
NB078,D2536 over Gotwane river.,,Culvert Lesser,9/16/2021,,,,Waterberg,,6/30/2022,100,100
NB079,D2575 over Palala river,Bridge,Bridge,8/30/2021,,,,Waterberg,,6/30/2022,97.32,98.04
NB081,D2665 over river,,Culvert Lesser,7/23/2021,,,,Waterberg,,6/30/2022,,100
NB086,D2745 over Sondagsloop river.,,Culvert Lesser,9/16/2021,,,,Waterberg,,6/30/2022,100,100
NB087,D2748 over Sand river,Bridge,Bridge,7/28/2021,,,,Waterberg,,6/30/2022,88.28,63.79
NB089,D3110 over Lephalala river tributary.,Major Culvert,Culvert Major,9/16/2021,,,,Waterberg,,6/30/2022,95.74,97.56
NB090,D3110 over river.,Major Culvert,Culvert Major,8/27/2021,,,,Waterberg,,6/30/2022,95.74,97.56
NB091,D3123 over Lephalala river tributary.,Major Culvert,Culvert Major,9/16/2021,,,,Waterberg,,6/30/2022,93.47,84.14
NB092,NB092 over river,Major Culvert,Culvert Major,9/3/2021,,,,Vhembe,,6/30/2022,97.16,97.97
NB093,D3150 over river,Bridge,Bridge,8/1/2021,,,,Mopani,,6/30/2022,96.99,95.97
NB094,D3150 over river,Bridge,Bridge,8/1/2021,,,,Mopani,,6/30/2022,97.66,97.32
NB095,D3164 over Middle Letaba river,Bridge,Bridge,9/3/2021,,,,Vhembe,,6/30/2022,97.32,89.25
NB096,D3164 over river,Bridge,Bridge,9/3/2021,,,,Vhembe,,6/30/2022,93.61,82.26
NB100,D3187 over river,Bridge,Bridge,7/27/2021,,,,Mopani,,6/30/2022,96.11,97.73
NB101,D3211 over river,Bridge,Bridge,7/29/2021,,,,Mopani,,6/30/2022,95.54,97.17
NB102,D3248 over river,Bridge,Bridge,9/6/2021,,,,Mopani,,6/30/2022,94.64,94.64
NB103,D3252 over Lerwatlou river,Bridge,Bridge,8/5/2021,,,,Mopani,,6/30/2022,88.62,82.77
NB104,D3269 over river,Bridge,Bridge,9/9/2021,,,,Waterberg,,6/30/2022,84.04,90.1
NB106,D3275 over Ga-Mmamoleka River,Major Culvert,Culvert Major,8/25/2021,,,,Capricorn,,6/30/2022,90.62,96.89
NB107,D3275 over Mogalakwena River Tributary,Major Culvert,Culvert Major,8/25/2021,,,,Capricorn,,6/30/2022,94.03,97.24
NB108,D3297 over river,Bridge,Bridge,8/25/2021,,,,Capricorn,,6/30/2022,89.72,96.25
NB109,D3297 over Tributary,,Culvert Lesser,2/4/2022,,,,Capricorn,,6/30/2022,100,100
NB110,D3303 over Mogalakwena River Tributary 1,Bridge,Bridge,8/25/2021,,,,Capricorn,,6/30/2022,91.07,94.65
NB111,D3303 over river,Bridge,Bridge,8/25/2021,,,,Capricorn,,6/30/2022,76.34,62.2
NB112,D3322 over Boshela River,Bridge,Bridge,8/20/2021,,,,Capricorn,,6/30/2022,82.33,74.34
NB113,D3355 over river,Bridge,Bridge,7/19/2021,,,,Capricorn,,6/30/2022,76.34,31.82
NB114,D3355 over river,Bridge,Bridge,7/16/2021,,,,Capricorn,,6/30/2022,90.56,97.08
NB115,D3364 over river,Bridge,Bridge,7/21/2021,,,,Capricorn,,6/30/2022,82.78,39.7
NB116,D3370 over river,Bridge,Bridge,7/21/2021,,,,Capricorn,,6/30/2022,84.82,63.68
NB117,D3370 over river,Bridge,Bridge,7/21/2021,,,,Capricorn,,6/30/2022,85.27,82.16
NB118,D3377 over river,Bridge,Bridge,7/16/2021,,,,Capricorn,,6/30/2022,78.24,61.43
NB124,D3500 over Mogalakwena tributary.,Major Culvert,Culvert Major,9/14/2021,,,,Waterberg,,6/30/2022,91.19,83.32
NB125,D3505 over Mogalakwena river tributary.,,Culvert Lesser,9/16/2021,,,,Waterberg,,6/30/2022,100,100
NB126,D3515 over Mokumole tributary.,Major Culvert,Culvert Major,9/14/2021,,,,Waterberg,,6/30/2022,94.6,97.53
NB127,D3515 over river.,Major Culvert,Culvert Major,9/3/2021,,,,Waterberg,,6/30/2022,88.64,83.58
NB128,D3525 over Groot-sandsloot river.,Major Culvert,Culvert Major,9/14/2021,,,,Waterberg,,6/30/2022,88.35,86.52
NB129,D3529 over river,Bridge,Bridge Cellular,9/13/2021,,,,Waterberg,,6/30/2022,83.38,81.61
NB130,Druft on road D3543,,Culvert Lesser,9/3/2021,,,,Waterberg,,6/30/2022,100,100
NB131,D3561 over Mogalakwena river,Bridge,Bridge Cellular,9/13/2021,,,,Waterberg,,6/30/2022,80.87,75.48
NB132,D3571 over Klien Mogolakwena river,Major Culvert,Culvert Major,9/14/2021,,,,Waterberg,,6/30/2022,80.68,66.73
NB133,D3576 over river,Bridge,Bridge,9/7/2021,,,,Waterberg,,6/30/2022,86.94,87.16
NB134,D3576 over river,Bridge,Bridge,9/9/2021,,,,Waterberg,,6/30/2022,80.36,85.82
NB136,#NAME?,Bridge,Bridge Cellular,7/29/2021,,,,,,6/30/2022,89.77,84.83
NB137,D3634 over river,Bridge,Bridge,7/29/2021,,,,Vhembe,,6/30/2022,92.19,91.51
NB138,NB138 - D3634 over river,Major Culvert,Culvert Major,7/29/2021,,,,,,6/30/2022,91.19,88.7
NB139,D3635 over Nsama river,Bridge,Bridge,7/29/2021,,,,Vhembe,,6/30/2022,96.65,96.29
NB140,D3637 Over River,Major Culvert,Culvert Major,9/2/2021,,,,Vhembe,,6/30/2022,95.45,88.65
NB143,D3653 over river.,,Culvert Lesser,2/3/2022,,,,Vhembe,,6/30/2022,100,100
NB144,D3653 over river,,Culvert Lesser,1/26/2022,,,,Vhembe,,6/30/2022,100,100
NB145,D3653 Over River,Bridge,Bridge Cellular,8/30/2021,,,,Vhembe,,6/30/2022,90.28,85
NB146,D3653 over river,Bridge,Bridge,8/30/2021,,,,Vhembe,,6/30/2022,93.92,81.52
NB148,D3671 over Nzhelele river,Bridge,Bridge,8/12/2021,,,,Vhembe,,6/30/2022,96.88,83.96
NB149,D3672 Over River ,Bridge,Bridge Cellular,8/12/2021,,,,Vhembe,,6/30/2022,90.91,85.82
NB150,D3675 Over Nwandezi River,Bridge,Bridge Cellular,8/11/2021,,,,Vhembe,,6/30/2022,99.64,95.94
NB153,D3684 over Mbilili river,Bridge,Bridge,8/12/2021,,,,Vhembe,,6/30/2022,98.21,97.46
NB154,D3685 over river,Bridge,Bridge,8/31/2021,,,,Vhembe,,6/30/2022,96.88,91.73
NB155,D3689 over river,Bridge,Bridge,8/31/2021,,,,Vhembe,,6/30/2022,94.2,93.38
NB156,D3695 over river,Bridge,Bridge,9/1/2021,,,,Vhembe,,6/30/2022,92.86,74.14
NB157,D3695 over river,Bridge,Bridge,8/31/2021,,,,Vhembe,,6/30/2022,92.19,91.14
NB158,D3695 Over River,Major Culvert,Culvert Major,8/31/2021,,,,Vhembe,,6/30/2022,98.3,98.78
NB159,D3695 over river,Bridge,Bridge,8/31/2021,,,,Vhembe,,6/30/2022,92.63,88.58
NB160,D3695 over Mutale river,Bridge,Bridge,8/31/2021,,,,Vhembe,,6/30/2022,95.4,91.04
NB161,D3699 Over River,Major Culvert,Culvert Major,8/11/2021,,,,Vhembe,,6/30/2022,94.03,84.42
NB163,D3708 Over Luvuvhu River,Major Culvert,Culvert Major,8/30/2021,,,,Vhembe,,6/30/2022,91.48,87.53
NB164,D3712 over river,Bridge,Bridge,8/31/2021,,,,Vhembe,,6/30/2022,98.66,93.67
NB167,D3717 over river,Bridge,Bridge,9/1/2021,,,,Vhembe,,6/30/2022,90.62,67.83
NB168,D3718 Over River,Major Culvert,Culvert Major,9/1/2021,,,,Vhembe,,6/30/2022,89.49,81.84
NB170,D3727 over river,Bridge,Bridge Cellular,9/3/2021,,,,Vhembe,,6/30/2022,100,100
NB171,D3734 over river,Bridge,Bridge,8/1/2021,,,,Mopani,,6/30/2022,95.54,97
NB172,D3736 over  Mahebe river,Bridge,Bridge,9/1/2021,,,,Vhembe,,6/30/2022,89.72,60.21
NB173,D3740 over Luvuvhu river,Bridge,Bridge,2/7/2022,,,,Vhembe,,6/30/2022,100,100
NB174,D3741 over Khandanama river,Bridge,Bridge,9/4/2021,,,,Vhembe,,6/30/2022,95.54,94.45
NB175,D3742 Over River,Bridge,Bridge Cellular,9/1/2021,,,,Vhembe,,6/30/2022,77.27,82.77
NB176,D3748 Over River ,Bridge,Bridge Cellular,9/2/2021,,,,Vhembe,,6/30/2022,100,100
NB178,D3750 over Luvuvhu river,Bridge,Bridge,9/2/2021,,,,Vhembe,,6/30/2022,88.62,73.97
NB179,D3750 over river,Bridge,Bridge,9/1/2021,,,,Vhembe,,6/30/2022,93.89,78.68
NB180,D3753 over river,Bridge,Bridge,9/3/2021,,,,Vhembe,,6/30/2022,100,100
NB181,D3753 over Luvuvhu river.,Bridge,Bridge Cellular,2/4/2022,,,,Vhembe,,6/30/2022,81.72,57.78
NB182,D3757 over river,,Culvert Lesser,2/4/2022,,,,Vhembe,,6/30/2022,100,100
NB183,D3754 over river.,Major Culvert,Culvert Major,2/4/2022,,,,Vhembe,,6/30/2022,60.23,60
NB184,D3771 over river,Bridge,Bridge,9/22/2021,,,,Mopani,,6/30/2022,100,100
NB185,D3772 over river,Bridge,Bridge,9/4/2021,,,,Mopani,,6/30/2022,90.85,82.74
NB186,D3902 over river,Bridge,Bridge,9/3/2021,,,,Mopani,,6/30/2022,97.22,75.22
NB188,D3811 over Nsami river,Bridge,Bridge,7/28/2021,,,,Mopani,,6/30/2022,94.64,96.96
NB189,D3827 over Klein Letaba river,Bridge,Bridge,9/3/2021,,,,Vhembe,,6/30/2022,91.41,76.43
NB190,D3830 over river,Bridge,Bridge,8/14/2021,,,,Vhembe,,6/30/2022,97.77,94.94
NB192,D3870 over Letsitele river,Bridge,Bridge,9/4/2021,,,,Mopani,,6/30/2022,88.39,14.23
NB193,D3908 over river,Bridge,Bridge,9/3/2021,,,,Mopani,,6/30/2022,97.5,93.8
NB204,D4016 over river,Bridge,Bridge,7/22/2021,,,,Capricorn,,6/30/2022,82.03,66.35
NB205,D4017 over river,Bridge,Bridge,7/22/2021,,,,Capricorn,,6/30/2022,92.19,72.69
NB206,D4050 over Mohlapitse River,Bridge,Bridge Cellular,8/13/2021,,,,Capricorn,,6/30/2022,91.12,97.09
NB207,D4050 over Mohlapitsi River,Bridge,Bridge Cellular,8/13/2021,,,,Capricorn,,6/30/2022,91.19,89
NB208,D4068 over Matime river,Bridge,Bridge,8/13/2021,,,,Capricorn,,6/30/2022,90.74,69
NB209,D4083 over river,Bridge,Bridge,8/11/2021,,,,Capricorn,,6/30/2022,85.27,57.74
NB210,D4199 over river,Bridge,Bridge,9/1/2021,,,,Sekhukhune,,6/30/2022,84.95,52.79
NB211,D2405 over river,Bridge,Bridge,8/18/2021,,,,Sekhukhune,,6/30/2022,84.71,61.62
NB212,D2405 over river,Major Culvert,Culvert Major,8/18/2021,,,,Sekhukhune,,6/30/2022,96.59,93.11
NB215,D4426 over Lepenya tributarty.,Major Culvert,Culvert Major,9/15/2021,,,,Waterberg,,6/30/2022,87.22,90.43
NB216,D4427 over sandspruit river.,Major Culvert,Culvert Major,9/15/2021,,,,Waterberg,,6/30/2022,83.1,69.29
NB218,D5006 over Matlalane river,Bridge,Bridge Cellular,9/13/2021,,,,Waterberg,,6/30/2022,89.2,84.47
NB219,D522 over Little Nyl river.,Major Culvert,Culvert Major,9/15/2021,,,,Waterberg,,6/30/2022,82.1,81.44
NB221,D617 over river,Bridge,Bridge,7/22/2021,,,,Mopani,,6/30/2022,97.78,98.66
NB223,D693 over Mogol river,Bridge,Bridge Cellular,9/17/2021,,,,Waterberg,,6/30/2022,85.6,39.83
NB224,D3645 over river,Bridge,Bridge,8/30/2021,,,,Vhembe,,6/30/2022,96.21,82.72
NB225,D710 over river,,Culvert Lesser,8/30/2021,,,,Waterberg,,6/30/2022,100,100
NB227,D769 over river,Major Culvert,Culvert Major,8/24/2021,,,,Waterberg,,6/30/2022,69.93,57.87
NB228,D873 over Zwanepoelsdrift,Bridge,Bridge,8/26/2021,,,,Capricorn,,6/30/2022,91.94,97.01
NB229,Drift on road D873,Bridge,Bridge,9/21/2021,,,,Waterberg,,6/30/2022,100,100
NB231,D924 over river,Bridge,Bridge,9/7/2021,,,,Waterberg,,6/30/2022,80.45,62.14
NB232,D928 over river,Bridge,Bridge,8/23/2021,,,,Waterberg,,6/30/2022,77.79,55.77
NB233,D928 over Sand river,Bridge,Bridge,8/24/2021,,,,Waterberg,,6/30/2022,86.16,54.34
NB234,D4 over river,Bridge,Bridge Cellular,2/1/2022,,,,Vhembe,,6/30/2022,98.58,98.21
NB236,D1031 over river,,Culvert Lesser,7/20/2021,,,,Waterberg,,6/30/2022,,100
NB237,D794 over river,Major Culvert,Culvert Major,7/28/2021,,,,Waterberg,,6/30/2022,80.4,82.79
NB238,D3669 over Mutshedzi river,Bridge,Bridge,8/13/2021,,,,Vhembe,,6/30/2022,92.19,72.12
NB241,D3210 over river,Bridge,Bridge,8/1/2021,,,,Mopani,,6/30/2022,94.44,94.38
NB242,D3223 over river,Bridge,Bridge,8/1/2021,,,,Mopani,,6/30/2022,97.77,97.06
NB243,D3232 over river,Bridge,Bridge,8/1/2021,,,,Mopani,,6/30/2022,97.77,97.97
NB244,D3406 over Hout River,Bridge,Bridge,2/4/2022,,,,Capricorn,,6/30/2022,41.07,2.5
NB245,D3666 over Luvuvhu river,Bridge,Bridge,8/30/2021,,,,Vhembe,,6/30/2022,95.09,91.04
NB246,D3753 over river,Bridge,Bridge,2/4/2022,,,,Vhembe,,6/30/2022,100,100
NB247,D3777 over river,Bridge,Bridge,2/4/2022,,,,Vhembe,,6/30/2022,89.29,57.13
NB248,NB248 - D3778 over river,Bridge,Bridge Cellular,7/29/2021,,,,,,6/30/2022,94.03,95.95
NB249,D3779 Over River,Major Culvert,Culvert Major,9/2/2021,,,,Vhembe,,6/30/2022,92.61,83.89
NB250,D3917 Over River,Bridge,Bridge Cellular,8/11/2021,,,,Vhembe,,6/30/2022,88.07,68.9
NB251,D3923 Over River,Major Culvert,Culvert Major,9/2/2021,,,,Vhembe,,6/30/2022,95.74,96.34
NB252,D3923 Over River,Major Culvert,Culvert Major,9/2/2021,,,,Vhembe,,6/30/2022,97.16,97.97
NB253,D3980 over Groot Letaba  river,Bridge,Bridge,7/28/2021,,,,Mopani,,6/30/2022,94.2,93.11
NB254,D3953 over river,Bridge,Bridge,9/3/2021,,,,Vhembe,,6/30/2022,96.65,92.74
NB255,D4217 over Ngwaritsi river,Bridge,Bridge,8/12/2021,,,,Sekhukhune,,6/30/2022,87.35,82.54
NB257,D4066 over river,Bridge,Bridge,8/19/2021,,,,Capricorn,,6/30/2022,86.5,85.06
NB258,D4000 over river,Bridge,Bridge,8/11/2021,,,,Capricorn,,6/30/2022,88.02,95.57
NB259,D4000 over river,Bridge,Bridge,8/11/2021,,,,Capricorn,,6/30/2022,91.39,97
NB263,D3653 Over River,Major Culvert,Culvert Major,8/30/2021,,,,Vhembe,,6/30/2022,90.06,67.73
NB264,D4426 over Lepenya river,Major Culvert,Culvert Major,9/15/2021,,,,Waterberg,,6/30/2022,93.18,91.14
SB1226,D598 over Rail,Bridge,Bridge,9/2/2021,,,,Waterberg,,6/30/2022,93.53,95.65
UN1,P98/2 over river,Bridge,Bridge Cellular,9/4/2021,,,,Vhembe,,6/30/2022,100,100
UN103,D3709 Over River,Major Culvert,Culvert Major,8/31/2021,,,,Vhembe,,6/30/2022,94.32,88.51
UN104,D3712 Over Mathtane River ,Bridge,Bridge Cellular,8/31/2021,,,,Vhembe,,6/30/2022,95.74,89.66
UN111,D3684 Over River,Major Culvert,Culvert Major,8/13/2021,,,,Vhembe,,6/30/2022,81.53,46.55
UN112,D3684 over river,Bridge,Bridge,8/13/2021,,,,Vhembe,,6/30/2022,97.78,95.4
UN113,D3684 Over River,Major Culvert,Culvert Major,8/13/2021,,,,Vhembe,,6/30/2022,98.01,75.3
UN114,D3669 over river,Bridge,Bridge,8/13/2021,,,,Vhembe,,6/30/2022,93.08,79.98
UN115,D449 Over Mutshedzi River,Major Culvert,Culvert Major,8/13/2021,,,,Vhembe,,6/30/2022,97.16,97.97
UN116,D449 over Mutshedzi river,Major Culvert,Culvert Major,9/4/2021,,,,Vhembe,,6/30/2022,94.32,88.51
UN117,D929 over river,Bridge,Bridge,9/4/2021,,,,Vhembe,,6/30/2022,99.33,86.56
UN119,D8 over river,Bridge,Bridge,9/4/2021,,,,Mopani,,6/30/2022,96.11,93.61
UN12,D4204 over Mohlaletsi river,Bridge,Bridge,9/22/2021,,,,Sekhukhune,,6/30/2022,100,100
UN120,UN120 - D8,Major Culvert,Culvert Major,9/4/2021,,,,,,6/30/2022,95.74,89.66
UN122,Rail over D523,Bridge,Bridge,8/5/2021,,,,Mopani,,6/30/2022,98.33,98.73
UN123,Rail over D589,Bridge,Bridge,9/2/2021,,,,Mopani,,6/30/2022,97.78,94.03
UN127,D1801 over Rail,Bridge,Bridge,7/31/2021,,,,Mopani,,6/30/2022,100,100
UN13,D4204 over Mohlaletsi,Bridge,Bridge Cellular,8/31/2021,,,,Sekhukhune,,6/30/2022,92.33,69.05
UN132,D3180 over river,Bridge,Bridge,8/3/2021,,,,Mopani,,6/30/2022,98.06,95.62
UN134,D3247 over Nwanedzi River,Bridge,Bridge,9/6/2021,,,,Mopani,,6/30/2022,89.51,77.44
UN135,D5011 over canal,Bridge,Bridge,9/5/2021,,,,Mopani,,6/30/2022,98.89,98.94
UN136,D5011 over river,Bridge,Bridge,9/5/2021,,,,Mopani,,6/30/2022,94.64,92.44
UN137,D5011 over canal,Bridge,Bridge,9/5/2021,,,,Mopani,,6/30/2022,97.78,97.89
UN14,D4050 over Tongwane river,Bridge,Bridge,8/13/2021,,,,Capricorn,,6/30/2022,93.23,92.75
UN155,P43/3 over river,Bridge,Bridge,1/27/2022,,,,Mopani,,6/30/2022,85.94,60.1
UN156,P43/3 over river,Bridge,Bridge,1/27/2022,,,,Mopani,,6/30/2022,77.46,52.89
UN16,Kgotswana River Major Culvert,Major Culvert,Culvert Major,8/13/2021,,,,Capricorn,,6/30/2022,100,100
UN163,D5012 over Rail & Road,Bridge,Bridge,8/2/2021,,,,Mopani,,6/30/2022,98.55,97.09
UN164,D5012 over Rail,Bridge,Bridge,8/2/2021,,,,Mopani,,6/30/2022,99.11,98.94
UN165,D21 over river,Bridge,Bridge,9/4/2021,,,,Mopani,,6/30/2022,98.21,95.4
UN167,D21 over river,Bridge,Bridge,9/4/2021,,,,Mopani,,6/30/2022,98.33,98.1
UN168,D21 over river,Bridge,Bridge,9/3/2021,,,,Mopani,,6/30/2022,92.86,94.51
UN169,D21 over river,Bridge,Bridge,9/3/2021,,,,Mopani,,6/30/2022,98.89,98.94
UN17,D4066 Culvert 1,,Culvert Lesser,8/19/2021,,,,Capricorn,,6/30/2022,100,100
UN170,D21 over river,Bridge,Bridge,9/3/2021,,,,Mopani,,6/30/2022,96.39,97.48
UN171,D21 over Moetladimo river,Bridge,Bridge,9/3/2021,,,,Mopani,,6/30/2022,99.11,98.94
UN172,D21 over Malomanye river,Bridge,Bridge,9/3/2021,,,,Mopani,,6/30/2022,95.98,97.2
UN173,D21 over river,Bridge,Bridge,9/3/2021,,,,Mopani,,6/30/2022,96.88,98.42
UN174,D21 over river,Bridge,Bridge,9/3/2021,,,,Mopani,,6/30/2022,96.88,97.08
UN175,D21 over river,Bridge,Bridge,9/3/2021,,,,Mopani,,6/30/2022,100,100
UN176,D21 over river,Bridge,Bridge,9/3/2021,,,,Mopani,,6/30/2022,97.32,87.33
UN177,D21 over river,Bridge,Bridge,9/3/2021,,,,Mopani,,6/30/2022,97.77,97.36
UN178,D21 over river,Bridge,Bridge,9/3/2021,,,,Mopani,,6/30/2022,98.89,98.94
UN179,D21 over river,Bridge,Bridge,9/3/2021,,,,Mopani,,6/30/2022,98.89,98.94
UN18,D4070 over Hlakaro river,Bridge,Bridge,8/13/2021,,,,Capricorn,,6/30/2022,86.83,95.36
UN180,D21 over river,Bridge,Bridge,9/3/2021,,,,Mopani,,6/30/2022,98.66,94.62
UN181,0,Major Culvert,Culvert Major,8/3/2021,,,,,,6/30/2022,95.74,96.34
UN182,#NAME?,Major Culvert,Culvert Major,8/3/2021,,,,Mopani,,6/30/2022,91.48,87.94
UN184,P43/3 over Reshewele River,Bridge,Bridge,1/26/2022,,,,Mopani,,6/30/2022,85.67,70.93
UN185,D1350 over river,Bridge,Bridge,7/31/2021,,,,Mopani,,6/30/2022,99.44,99.19
UN186,0,Major Culvert,Culvert Major,7/30/2021,,,,,,6/30/2022,94.03,97.17
UN187A,D1350 over river,Bridge,Bridge,7/30/2021,,,,Mopani,,6/30/2022,98.66,98.73
UN188,D1350 over river,Bridge,Bridge,7/30/2021,,,,Mopani,,6/30/2022,97.78,98.86
UN189,D1350 over river,Bridge,Bridge,7/30/2021,,,,Mopani,,6/30/2022,95.56,66.2
UN19,D4090 over Tudumo River,Major Culvert,Culvert Major,8/19/2021,,,,Capricorn,,6/30/2022,88.35,69.98
UN196,D3164 over river,Bridge,Bridge,9/3/2021,,,,Vhembe,,6/30/2022,92.58,82.56
UN197,D3200 over river,Bridge,Bridge,8/1/2021,,,,Mopani,,6/30/2022,99.11,99.19
UN198,D3200 over river,Bridge,Bridge,8/1/2021,,,,Mopani,,6/30/2022,96.88,97.28
UN199,D3200 over river,Bridge,Bridge,8/1/2021,,,,Mopani,,6/30/2022,99.11,98.94
UN20,D4090 over Todumo River Tributary,Major Culvert,Culvert Major,8/19/2021,,,,Capricorn,,6/30/2022,92.14,93.64
UN200,D3200 over river,Bridge,Bridge,8/1/2021,,,,Mopani,,6/30/2022,98.44,97.73
UN201,D3200 over river.,,Culvert Lesser,2/3/2022,,,,Mopani,,6/30/2022,100,100
UN202,D3200 over river,Bridge,Bridge,7/30/2021,,,,Mopani,,6/30/2022,93.75,74.34
UN206N,D3641 Over Nsami Dam,Bridge,Bridge,7/29/2021,,,,Mopani,,6/30/2022,100,100
UN207,D3641 over Shinwedzi river,Bridge,Bridge,7/28/2021,,,,Mopani,,6/30/2022,97.77,96.96
UN208,D3763 over  Letsitele river,Bridge,Bridge,9/5/2021,,,,Mopani,,6/30/2022,95.09,94.99
UN209,D3810 over Magobe river,Bridge,Bridge,7/28/2021,,,,Mopani,,6/30/2022,96.88,97.28
UN210,D3810 over river,Bridge,Bridge,7/28/2021,,,,Mopani,,6/30/2022,99.11,99.19
UN214,#NAME?,Bridge,Bridge Cellular,7/28/2021,,,,,,6/30/2022,92.83,93.23
UN215,D3820 over river,Bridge,Bridge,8/1/2021,,,,Mopani,,6/30/2022,99.11,99.19
UN216,UN216 - D3820 over river,Major Culvert,Culvert Major,7/29/2021,,,,Mopani,,6/30/2022,100,100
UN217,UN217 - D3820 over river,Major Culvert,Culvert Major,7/29/2021,,,,,,6/30/2022,100,100
UN218,D3912 over river,Bridge,Bridge,9/5/2021,,,,Mopani,,6/30/2022,97.77,97.16
UN22,D4100 over Motseleope river,Bridge,Bridge Cellular,8/13/2021,,,,Sekhukhune,,6/30/2022,95.17,79.98
UN226,D1675 over Conveyor belt,Major Culvert,Culvert Major,9/2/2021,,,,Waterberg,,6/30/2022,93.47,97.02
UN227,D2001 over conveyor,Bridge,Bridge Cellular,9/2/2021,,,,Waterberg,,6/30/2022,98.3,98.13
UN229,D2460 Over river,Major Culvert,Culvert Major,7/22/2021,,,,Waterberg,,6/30/2022,82.95,71.76
UN230,D2509 over Rail,Bridge,Bridge,7/30/2021,,,,Waterberg,,6/30/2022,92.56,94.28
UN231,D2816 over Conveyor,Bridge,Bridge,8/30/2021,,,,Waterberg,,6/30/2022,83.33,90.57
UN232,D2816 over channel,Major Culvert,Culvert Major,9/15/2021,,,,Waterberg,,6/30/2022,92.61,96.57
UN241,D888 over Mogalakwena tributary,Major Culvert,Culvert Major,9/14/2021,,,,Waterberg,,6/30/2022,64.49,36.04
UN245,D1200 over Monoko River,Major Culvert,Culvert Major,8/20/2021,,,,Capricorn,,6/30/2022,62.5,29.25
UN246,D3269 over Mogalakwena tributary.,Major Culvert,Culvert Major,9/14/2021,,,,Waterberg,,6/30/2022,64.91,8.35
UN25,D4100 over Olifants river,Bridge,Bridge,8/12/2021,,,,Sekhukhune,,6/30/2022,74.93,19.25
UN26,D4100 over river,Major Culvert,Culvert Major,8/12/2021,,,,Sekhukhune,,6/30/2022,96.31,92.3
UN260,D4190 over Lepallane river,Bridge,Bridge,8/31/2021,,,,Sekhukhune,,6/30/2022,88.39,82.77
UN268,D4050 over Mpogodima river,Bridge,Bridge,8/13/2021,,,,Capricorn,,6/30/2022,88.56,84.83
UN268B,D4268 over Ngwaritsi river,Bridge,Bridge,8/5/2021,,,,Sekhukhune,,6/30/2022,94.11,83.02
UN269,D4265 over river,Major Culvert,Culvert Major,2/3/2022,,,,Sekhukhune,,6/30/2022,94.32,84.43
UN27,D4134 over Malokele river,Bridge,Bridge,8/17/2021,,,,Sekhukhune,,6/30/2022,91.07,84.54
UN270,D4134 over river,Bridge,Bridge,8/17/2021,,,,Sekhukhune,,6/30/2022,84.26,57.66
UN271,D4134 over Motse river,Bridge,Bridge,8/17/2021,,,,Sekhukhune,,6/30/2022,82.14,69.3
UN272,D4134 over river,Bridge,Bridge Cellular,8/17/2021,,,,Sekhukhune,,6/30/2022,85.23,82.99
UN274,D2484 over river,Bridge,Bridge,2/7/2022,,,,Sekhukhune,,6/30/2022,100,100
UN275,D4100 over Moganyaka river,Bridge,Bridge,8/5/2021,,,,Sekhukhune,,6/30/2022,84.15,61.73
UN276,D4100 over Phuleng river,Bridge,Bridge,8/13/2021,,,,Sekhukhune,,6/30/2022,87.5,83.82
UN277,D4100 over Puleng river,Bridge,Bridge,8/13/2021,,,,Sekhukhune,,6/30/2022,87.22,83.82
UN278,D4100 over river,Bridge,Bridge,8/13/2021,,,,Sekhukhune,,6/30/2022,91.29,90.07
UN279,D4100 over Motsephiri river,Bridge,Bridge,8/13/2021,,,,Sekhukhune,,6/30/2022,93.62,91.73
UN28,D4150 over river.,Bridge,Bridge Cellular,2/3/2022,,,,Sekhukhune,,6/30/2022,74.27,60.36
UN280,D2219 over Ngwaritsi river,Bridge,Bridge,1/26/2022,,,,Sekhukhune,,6/30/2022,93.97,74.46
UN281,D2219 over shakwaneng river,Bridge,Bridge,1/27/2022,,,,Sekhukhune,,6/30/2022,78.57,55.12
UN283,D2219 over river,Bridge,Bridge,1/27/2022,,,,Sekhukhune,,6/30/2022,75.83,49.77
UN284,D2219 over Shakwaneng river,Bridge,Bridge,1/26/2022,,,,Sekhukhune,,6/30/2022,81.47,35.4
UN287,UN287 OVER MOGOGWANENG,Bridge,Bridge Cellular,8/5/2021,,,,Unknown,,6/30/2022,98.3,87.34
UN29,D4170 over Sefufule river,Bridge,Bridge,8/19/2021,,,,Sekhukhune,,6/30/2022,89.51,61.08
UN30,D4170 over Pororo river,Bridge,Bridge,8/19/2021,,,,Sekhukhune,,6/30/2022,63.84,40.97
UN302,P17/3 over river,Bridge,Bridge,2/7/2022,,,,Mopani,,6/30/2022,100,100
UN303,D21 over river,Bridge,Bridge,9/3/2021,,,,Mopani,,6/30/2022,98.66,98.73
UN305,D449 oner Mutshedzi river,Major Culvert,Culvert Major,9/4/2021,,,,Vhembe,,6/30/2022,90.06,66.41
UN306,D1231 over river,Bridge,Bridge,9/9/2021,,,,Waterberg,,6/30/2022,84.17,56.84
UN31,D4172 over river,Major Culvert,Culvert Major,8/19/2021,,,,Sekhukhune,,6/30/2022,84.38,32.5
UN32,D4179 over river,Major Culvert,Culvert Major,8/17/2021,,,,Sekhukhune,,6/30/2022,67.61,9.79
UN33,D4180 over river,Bridge,Bridge,8/19/2021,,,,Sekhukhune,,6/30/2022,98.21,35
UN35,D4190 over Tswaing river,Bridge,Bridge,8/31/2021,,,,Sekhukhune,,6/30/2022,85.83,74.41
UN36,D4190 over Pelangwe river,Bridge,Bridge,8/31/2021,,,,Sekhukhune,,6/30/2022,77.92,54.47
UN37,D4200 over Dithothwaneng River,Bridge,Bridge,9/1/2021,,,,Sekhukhune,,6/30/2022,100,100
UN38,D4200 over Lepellane river,Bridge,Bridge,9/1/2021,,,,Sekhukhune,,6/30/2022,72.32,33.96
UN39,D4200 over river,Bridge,Bridge,9/1/2021,,,,Sekhukhune,,6/30/2022,80.83,58.27
UN40,D4220 over river,Bridge,Bridge,8/31/2021,,,,Sekhukhune,,6/30/2022,91.22,92.44
UN42,D4250 over river.,Major Culvert,Culvert Major,9/1/2021,,,,Sekhukhune,,6/30/2022,96.59,61
UN43,D4250 over Lepellane river,Bridge,Bridge,9/1/2021,,,,Sekhukhune,,6/30/2022,87.02,60.32
UN44,D4250 over river.,Major Culvert,Culvert Major,9/1/2021,,,,Sekhukhune,,6/30/2022,96.73,87.93
UN45,D4263 over river,Bridge,Bridge,8/12/2021,,,,Sekhukhune,,6/30/2022,85.04,82.95
UN46,D4280 over Monapanade river,Bridge,Bridge,1/27/2022,,,,Sekhukhune,,6/30/2022,80.56,38.87
UN47,D4285 over Motsephiri river,Bridge,Bridge,8/5/2021,,,,Sekhukhune,,6/30/2022,97.17,84.57
UN48,D885 over river,Bridge,Bridge,8/19/2021,,,,Capricorn,,6/30/2022,86.28,83.97
UN49,D885 over river,Bridge,Bridge,8/19/2021,,,,Capricorn,,6/30/2022,85.83,55.55
UN5,D190 over river,Major Culvert,Culvert Major,7/23/2021,,,,Waterberg,,6/30/2022,96.59,97.73
UN50,Brakspruit River Bridge,Bridge,Bridge Cellular,7/16/2021,,,,Capricorn,,6/30/2022,92.99,93.32
UN6,D1231 over Rooisloot river,Major Culvert,Culvert Major,9/14/2021,,,,Waterberg,,6/30/2022,80.11,58.12
UN67,D1356 over Dwars river,Bridge,Bridge,7/27/2021,,,,Capricorn,,6/30/2022,94.12,93.23
UN69,D1200 over Doringlaagte River,Major Culvert,Culvert Major,8/20/2021,,,,Capricorn,,6/30/2022,90.27,87.05
UN70,D1200 over river,Bridge,Bridge,8/20/2021,,,,Capricorn,,6/30/2022,92.04,74.87
UN72,Nkumpi Canal Major Culvert,Major Culvert,Culvert Major,8/6/2021,,,,Capricorn,,6/30/2022,92.05,89.78
UN73,D1069 over Sand river.,Major Culvert,Culvert Major,9/15/2021,,,,Waterberg,,6/30/2022,57.95,52.03
UN74,D2357 over crocodile river.,Bridge,Bridge Cellular,9/2/2021,,,,Waterberg,,6/30/2022,56.8,11.31
UN75,D1959 over river.,Major Culvert,Culvert Major,9/3/2021,,,,Waterberg,,6/30/2022,77.56,33.35
UN76,D1959 over river.,,Culvert Lesser,9/3/2021,,,,Waterberg,,6/30/2022,,100
UN77,D1959 over river,Bridge,Bridge Cellular,9/3/2021,,,,Waterberg,,6/30/2022,85.8,64.28
UN78,D1959 over river.,Major Culvert,Culvert Major,9/3/2021,,,,Waterberg,,6/30/2022,87.5,91.36
UN79,D1959 over river.,Major Culvert,Culvert Major,9/3/2021,,,,Waterberg,,6/30/2022,82.39,82.58
UN80,D1959 over river.,Bridge,Bridge Cellular,9/3/2021,,,,Waterberg,,6/30/2022,93.47,90.1
UN81,D1882 over Mokolo,Major Culvert,Culvert Major,9/17/2021,,,,Waterberg,,6/30/2022,77.56,83.13
UN89,D1942 Over River,,Other Structure,2/4/2022,,,,Vhembe,,6/30/2022,100,100
UN90,D1942 Over River,Major Culvert,Culvert Major,8/11/2021,,,,Vhembe,,6/30/2022,95.74,96.34
UN93,D1764 Sand drift,,Other Structure,2/4/2022,,,,Vhembe,,6/30/2022,100,100
UN94,D3653 over river,Bridge,Bridge,2/7/2022,,,,Vhembe,,6/30/2022,100,100
UNC03,D3269 over mogalakwena tributary.,Major Culvert,Culvert Major,9/16/2021,,,,Waterberg,,6/30/2022,75.57,66.23
UNC05,D3277 over Mogalakwena River Tributary,,Culvert Lesser,8/25/2021,,,,Capricorn,,6/30/2022,100,100
UNC06,D3277 over Morotsi Tributary 8,Major Culvert,Culvert Major,8/25/2021,,,,Capricorn,,6/30/2022,93.94,97.12
UNC07,D3277 over Morotsi River,Major Culvert,Culvert Major,8/25/2021,,,,Capricorn,,6/30/2022,85.7,67.36
UNC09,Thlabasane River Major Culvert,Major Culvert,Culvert Major,8/11/2021,,,,Capricorn,,6/30/2022,90.62,83.26
UNC10,D1200 over Bosehia River Tributary,Bridge,Bridge Cellular,8/20/2021,,,,Capricorn,,6/30/2022,97.07,97
UNC11,D1200 over Ga Manasonya River,Major Culvert,Culvert Major,8/20/2021,,,,Capricorn,,6/30/2022,94.41,97.12
UNC12,Bloed River Tributary,Major Culvert,Culvert Major,7/21/2021,,,,Capricorn,,6/30/2022,100,100
UNL01,D1350 over river,Bridge,Bridge,7/30/2021,,,,Mopani,,6/30/2022,98.89,97.01
UNL03,D1350 over river,Bridge,Bridge,7/30/2021,,,,Mopani,,6/30/2022,100,100
UNL05,#NAME?,Major Culvert,Culvert Major,7/30/2021,,,,,,6/30/2022,98.3,98.73
UNL06,D3180 over river,Bridge,Bridge,7/30/2021,,,,Mopani,,6/30/2022,98.89,98.94
UNL08,0,Major Culvert,Culvert Major,7/30/2021,,,,,,6/30/2022,89.49,92.17
