Structure Number,Structure Name,Asset Class,Structure Type,Inventory Date,Section No.,District,Municipality,Total Length,Total Width,No of Spans,Bridge Type,Construction Date
1000,D353 over Steelpoort river,Bridge,Bridge,8/3/2021,,Sekhukhune,,19.5,5,3,Simply supported,1/1/1965
1056,P95/1 over Aarons river,Bridge,Bridge,8/2/2021,,Sekhukhune,,20,9.8,3,Simply supported,1/1/1965
1068,D737 over Eloff river,Bridge,Bridge,8/4/2021,,Sekhukhune,,16.2,12.4,1,Simply supported,1/1/1969
1084,P33/1 over river,Bridge,Bridge,2/7/2022,,Capricorn,,20.3,15.2,2,Continuous,1/1/1974
1105,P51/3  over Blood river,Bridge,Bridge,2/2/2022,,Sekhukhune,,60.2,12.9,9,Simply supported,1/1/1968
1120,P98/2 over river,Bridge,Bridge,9/4/2021,,Vhembe,,32.9,12,5,Simply supported,1/1/1967
1134,D 192 over Sterk river,Bridge,Bridge,9/10/2021,,Waterberg,,34.4,11.5,3,Simply supported,1/1/1970
1179,P33/1 over river,Bridge,Bridge,2/7/2022,,Capricorn,,30,12,5,Simply supported,1/1/1952
1192,D2700 over Crocodile river,Bridge,Bridge,8/23/2021,,Waterberg,,77.6,6,5,Simply supported,1/1/1976
1201,D447 over Brand Boontjies riv,Bridge,Bridge,7/31/2021,,Mopani,,16.5,12.4,1,Simply supported,1/1/1967
1209,D2533 over river,Bridge,Bridge,7/30/2021,,Waterberg,,8.7,8.5,1,Simply supported,1/1/1955
1210,D19 over Hout river,Bridge,Bridge,7/16/2021,,Capricorn,,67.4,11.95,10,Simply supported,1/1/1953
1233,P51/5 over Buffelsvlei river,Bridge,Bridge,2/1/2022,,Sekhukhune,,15,12.5,3,Simply supported,1/1/1968
1248,D1231 over Rooisloot river,Bridge,Bridge,9/9/2021,,Waterberg,,25.8,4.7,4,Simply supported,1/1/1970
1254,D1174 over Sand river,Bridge,Bridge,8/12/2021,,Vhembe,,112.8,10.6,7,Simply supported,1/1/1981
1256,D2631 over river,Bridge,Bridge,8/4/2021,,Sekhukhune,,37.3,5.5,8,Simply supported,1/1/1965
1313,D673 over Groot Letaba river,Bridge,Bridge,9/2/2021,,Mopani,,51.4,8.6,4,Simply supported,1/1/1957
1317,P116/1 over Blyde river,Bridge,Bridge,2/2/2022,,Mopani,,78.4,9.3,9,Simply supported,1/1/1955
1329,D1173 over Crocodile river,Bridge,Bridge,8/23/2021,,Waterberg,,63.8,6.1,4,Simply supported,1/1/1955
1333A,D1087 over Groot Nyl river,Bridge,Bridge,7/27/2021,,Waterberg,,43,12.2,8,Simply supported,1/1/1977
1345,D2018 over Nzhelele river,Bridge,Bridge,8/12/2021,,Vhembe,,102.5,5.45,5,Continuous,1/1/2003
1353,P134/1 over Tobias river,Bridge,Bridge,7/23/2021,,Waterberg,,16,12.4,2,Simply supported,1/1/1970
1355,P134/1 over Naboom spruit,Bridge,Bridge,7/22/2021,,Waterberg,,10.4,12.2,2,Simply supported,1/1/1969
1366,D2700 over river,Bridge,Bridge,8/23/2021,,Waterberg,,10.1,8.8,2,Simply supported,1/1/1960
1367,D1534 over river,Bridge,Bridge,8/6/2021,,Capricorn,,13.1,8.6,2,Simply supported,1/1/1955
1375,D1858 over Mogol river,Bridge,Bridge,7/29/2021,,Waterberg,,112.2,4.8,4,Unknown,1/1/1957
1377,P94/2 over Brak River,Bridge,Bridge,9/4/2021,,Vhembe,,34.2,12.4,3,Simply supported,1/1/1971
1380,D710 over Klein Melk river,Bridge,Bridge,7/26/2021,,Waterberg,,35.2,11.6,2,Simply supported,1/1/1975
1381,D192 over Mmadikiri river,Bridge,Bridge,9/10/2021,,Waterberg,,24.3,12.5,3,Simply supported,1/1/1970
1384,D212 over river,Bridge,Bridge,8/4/2021,,Sekhukhune,,19.5,12.4,3,Simply supported,1/1/1970
1385,P146/1 over Mbezi river,Bridge,Bridge,8/2/2021,,Mopani,,9.7,8.2,1,Simply supported,1/1/1960
1387,D1888 over Steelpoort river,Bridge,Bridge,8/3/2021,,Sekhukhune,,16,5,1,Simply supported,1/1/1957
139,P98/2 over Sand river,Bridge,Bridge,9/4/2021,,Vhembe,,93,12.7,6,Continuous,1/1/1971
1439,P18/2 over river,Bridge,Bridge,8/6/2021,,Capricorn,,46.7,12.36,4,Simply supported,1/1/1957
1446,D1663 over river,Bridge,Bridge,8/6/2021,,Capricorn,,40.9,4.8,5,Simply supported,1/1/1957
1449,D921 over Rooisloot river,Bridge,Bridge,9/7/2021,,Waterberg,,24.3,4.8,3,Simply supported,1/1/1956
1452,D1025 over Palala river,Bridge,Bridge,8/27/2021,,Waterberg,,52,4.7,4,Simply supported,1/1/1968
1458,D1890 over Steelpoort river,Bridge,Bridge,8/4/2021,,Sekhukhune,,32,5,4,Simply supported,1/1/1960
1465,P116/1 over sandspruit,Bridge,Bridge,1/31/2022,,Mopani,,57.2,10.9,4,Simply supported,1/1/2015
1511,D175 over Weidhoek spruit,Bridge,Bridge,7/27/2021,,Waterberg,,13.4,10.3,2,Simply supported,1/1/1982
1535,P135/1 over Nwanedzi river,Bridge,Bridge,8/12/2021,,Vhembe,,41,12.4,5,Simply supported,1/1/1977
1543,D171 over Tambotie river,Bridge,Bridge,8/30/2021,,Waterberg,,26,8.4,2,Simply supported,1/1/1958
1553,D1771 over river,Bridge,Bridge,8/2/2021,,Mopani,,40.5,8.5,8,Simply supported,1/1/1975
1573,P240/1 over Sand river,Bridge,Bridge,7/27/2021,,Waterberg,,207.2,8.4,2,Simply supported,1/1/1960
1574,P240/1 over Sand river,Bridge,Bridge,7/27/2021,,Waterberg,,32.8,8.4,4,Simply supported,1/1/1960
1576,D928 over river,Bridge,Bridge,7/30/2021,,Waterberg,,75,10,4,Simply supported,1/1/1972
1583,D11 over river,Bridge,Bridge,8/3/2021,,Mopani,,24.3,10.7,3,Simply supported,1/1/1958
1584,P1/3 over Rail,Bridge,Bridge,9/7/2021,,Waterberg,,53.8,14.3,4,Simply supported,1/1/1973
1593,D368 Over Doring Spruit,Bridge,Bridge,8/14/2021,,Vhembe,,32,9.2,2,Simply supported,1/1/1965
1596,P135/1 over Nwanedzi river,Bridge,Bridge,8/12/2021,,Vhembe,,28.4,12.6,3,Simply supported,1/1/1960
1609,D1827 over Selati river,Bridge,Bridge,8/4/2021,,Mopani,,80.3,4.8,5,Simply supported,1/1/1959
1610,D202 over Makhutswi river,Bridge,Bridge,8/4/2021,,Mopani,,64,8.5,4,Simply supported,1/1/1960
1612,D1942 over Nwanedzi river,Bridge,Bridge,8/11/2021,,Vhembe,,49.3,10.7,3,Simply supported,1/1/1980
1617,D19 over Sand river,Bridge,Bridge,7/21/2021,,Capricorn,,48.9,13.85,3,Simply supported,1/1/1961
1620,P116/1 over Riet spruit,Bridge,Bridge,1/27/2022,,Mopani,,32.4,8.7,2,Simply supported,1/1/1960
1621,D930 over Nyl river,Bridge,Bridge,9/10/2021,,Waterberg,,49.2,13,3,Simply supported,1/1/1959
1623,D192 over Mokamole river,Bridge,Bridge,9/8/2021,,Waterberg,,65.2,8.4,4,Simply supported,1/1/1960
1624,D2644 over river,Bridge,Bridge,8/30/2021,,Waterberg,,50,4.7,3,Simply supported,1/1/1960
1636,D2538 over river,Bridge,Bridge,8/18/2021,,Sekhukhune,,26.8,5,2,Simply supported,1/1/1970
1655,D1942 over river,Bridge,Bridge,8/11/2021,,Vhembe,,48.2,4.9,3,Simply supported,1/1/1975
1660,P51/3 over Bloed river,Bridge,Bridge,2/1/2022,,Sekhukhune,,65.6,12.8,8,Simply supported,1/1/1968
1664,D548 over river,Bridge,Bridge,9/5/2021,,Mopani,,13,8.4,2,Simply supported,1/1/1965
1676,D548 over Groot Letaba River,Bridge,Bridge,9/5/2021,,Mopani,,65.5,8.6,5,Simply supported,1/1/1962
1679,Jan Zeelie Bridge ( D854/river,Bridge,Bridge,8/10/2021,,Vhembe,,32.8,12.3,2,Simply supported,1/1/1961
1680,P18/2 over river,Bridge,Bridge,8/6/2021,,Capricorn,,15.6,12,1,Simply supported,1/1/1964
1681,P18/2 over river,Bridge,Bridge,8/6/2021,,Capricorn,,19.2,12,2,Simply supported,1/1/1964
1688,P171/1 over river,Bridge,Bridge,8/3/2021,,Sekhukhune,,49,8.5,6,Simply supported,1/1/1960
1690,D854 over Sand Sloot river,Bridge,Bridge,9/4/2021,,Vhembe,,32,12.4,2,Simply supported,1/1/1962
1693,D1942 over Sand river,Bridge,Bridge,8/11/2021,,Vhembe,,110,5,4,Continuous,1/1/1962
1708,D1519 over Doornfonteintjies,Bridge,Bridge,8/26/2021,,Capricorn,,48.6,4.85,3,Simply supported,1/1/1960
1757,D932 over Bokpoort spruit,Bridge,Bridge,7/26/2021,,Waterberg,,26,4.8,2,Simply supported,1/1/1966
1758,D579 over Dwars river,Bridge,Bridge,7/26/2021,,Waterberg,,15.6,4.5,2,Simply supported,1/1/1965
1759,P240/1 over Loubad spruit,Bridge,Bridge,7/27/2021,,Waterberg,,24.6,9.5,3,Simply supported,1/1/1960
176,D972 over Dwars river,Bridge,Bridge,7/27/2021,,Waterberg,,30,12.3,3,Simply supported,1/1/1975
1760,D171 over Tambotie river,Bridge,Bridge,8/30/2021,,Waterberg,,38.2,8.4,4,Simply supported,1/1/1960
1761,D1460 over Klip river,Bridge,Bridge,8/27/2021,,Waterberg,,41.5,10.6,5,Simply supported,1/1/1983
1770,D192 over river,Bridge,Bridge,9/8/2021,,Waterberg,,26,8.8,2,Simply supported,1/1/1963
1826,D453 over Sand river,Bridge,Bridge,7/27/2021,,Capricorn,,48.3,8.78,3,Simply supported,1/1/1965
1827,D777 over Sand river,Bridge,Bridge,8/13/2021,,Vhembe,,96.2,9,5,Simply supported,1/1/1965
1846,D198  over Trib Of Olifants,Bridge,Bridge,8/2/2021,,Sekhukhune,,24.4,12.7,3,Simply supported,1/1/1968
1883,P116/1 over river,Bridge,Bridge,2/2/2022,,Mopani,,7.2,12.2,1,Simply supported,1/1/1975
1897,D198  over Olifants river,Bridge,Bridge,8/3/2021,,Sekhukhune,,24.5,11.95,3,Simply supported,1/1/1968
1898,D1589 over Brak river,Bridge,Bridge,8/26/2021,,Capricorn,,33.2,8.6,5,Simply supported,1/1/1970
1903,D1509 over Brand Boontjies riv,Bridge,Bridge,7/31/2021,,Mopani,,15.5,9.1,1,Simply supported,1/1/1968
1920,D1356 over river,Bridge,Bridge,8/4/2021,,Capricorn,,14.7,9.42,1,Simply supported,1/1/1964
1923,D879 over river,Bridge,Bridge,8/4/2021,,Capricorn,,9.9,8.6,1,Simply supported,1/1/1966
1924,D879 over river,Bridge,Bridge,8/4/2021,,Capricorn,,9.7,9.2,1,Simply supported,1/1/1966
1933,D978 over Thabanake river,Bridge,Bridge,9/6/2021,,Mopani,,48,11.9,3,Simply supported,1/1/1970
1936,D668 over river,Bridge,Bridge,8/5/2021,,Mopani,,16,9,1,Simply supported,1/1/1968
1937,P43/3 over river,Bridge,Bridge,1/31/2022,,Mopani,,25,9,3,Simply supported,1/1/1964
1962,D4000 over river,Bridge,Bridge,8/11/2021,,Capricorn,,19.4,9.55,1,Simply supported,1/1/1963
1976,D598 over Sterk river,Bridge,Bridge,7/22/2021,,Waterberg,,38.6,9,3,Simply supported,1/1/1970
1977,D1069 over Sterk river,Bridge,Bridge,9/8/2021,,Waterberg,,48,12,3,Simply supported,1/1/1972
1979,D710 over Waterhoek spruit,Bridge,Bridge,7/26/2021,,Waterberg,,33.4,12.1,2,Simply supported,1/1/1979
1980,D190 over Purekrans river,Bridge,Bridge,7/23/2021,,Waterberg,,15.2,12,1,Simply supported,1/1/1967
1981,D2661 over Palala river,Bridge,Bridge,7/23/2021,,Waterberg,,27.6,7.9,3,Simply supported,1/1/1966
1982,D190 over Bokpoort river,Bridge,Bridge,7/23/2021,,Waterberg,,26.4,10.6,2,Simply supported,1/1/1967
1988,Rail over P146/1,Bridge,Bridge,8/2/2021,,Mopani,,18.4,25,1,Simply supported,1/1/1990
2004,D548 over Groot Letaba river,Bridge,Bridge,9/5/2021,,Mopani,,34.8,8.4,3,Continuous,1/1/1965
2005,D673 over Murle Brook river,Bridge,Bridge,9/5/2021,,Mopani,,41.1,12.6,8,Simply supported,1/1/1968
2032,D589 over river,Bridge,Bridge,9/2/2021,,Mopani,,12.8,13.6,1,Simply supported,1/1/1965
2041,P146/1 over Unduthlo spruit,Bridge,Bridge,8/2/2021,,Mopani,,13.2,11.6,1,Simply supported,1/1/1960
2054,P169/1 over Klip river,Bridge,Bridge,2/7/2022,,Sekhukhune,,48,12,3,Simply supported,1/1/1971
2097,D1399  over Aarons river,Bridge,Bridge,8/2/2021,,Sekhukhune,,33.1,12,2,Simply supported,1/1/1964
2105,D2537 over Hlahlaneng river,Bridge,Bridge,8/17/2021,,Sekhukhune,,11.7,10.15,1,Frame,1/1/1964
2121,D192 over river,Bridge,Bridge,9/9/2021,,Waterberg,,32.6,8.6,4,Simply supported,1/1/1964
2122,D2537 over river,Bridge,Bridge,8/18/2021,,Sekhukhune,,19.3,9.6,1,Simply supported,1/1/1964
2123,D2537 over Steelpoort river,Bridge,Bridge,8/19/2021,,Sekhukhune,,96,9,6,Simply supported,1/1/1964
2139,D4421 over Rail,Bridge,Bridge,2/7/2022,,Other,,31.2,13.7,4,Simply supported,1/1/1960
2162,D192 over river,Bridge,Bridge,9/8/2021,,Waterberg,,33,8.7,4,Simply supported,1/1/1964
2171,P169/3 over rail,Bridge,Bridge,8/18/2021,,Sekhukhune,,12.85,12.4,1,Simply supported,1/1/1965
2176,P169/3 over Spekboom river,Bridge,Bridge,8/18/2021,,Sekhukhune,,80,9,5,Simply supported,1/1/1970
2180,P169/1 over river,Bridge,Bridge,2/7/2022,,Sekhukhune,,13,12,1,Simply supported,1/1/1964
2208,D567 over Elands river,Bridge,Bridge,9/8/2021,,Waterberg,,48.6,10,3,Simply supported,1/1/1967
2213,D1296  over river,Bridge,Bridge,8/19/2021,,Sekhukhune,,22.6,10.7,2,Simply supported,1/1/1965
2214,D873 over Mogalakwena river,Bridge,Bridge,8/26/2021,,Capricorn,,112.5,5.4,7,Simply supported,1/1/1965
2222,D1296  over Steelpoort river,Bridge,Bridge,8/4/2021,,Sekhukhune,,64,10.4,4,Simply supported,1/1/1965
2236,D856  over Moses river,Bridge,Bridge,8/2/2021,,Sekhukhune,,38.7,11.58,4,Simply supported,1/1/1965
2250,D1200 over Sand River,Bridge,Bridge,8/4/2021,,Capricorn,,79.9,8.9,5,Simply supported,1/1/1969
2279,D17 over Brak River,Bridge,Bridge,8/10/2021,,Vhembe,,13.2,9.2,2,Simply supported,1/1/1966
2286,D885 over Roodesloot ,Bridge,Bridge,8/19/2021,,Capricorn,,26.9,12.46,4,Simply supported,1/1/1966
2311,Rail over D2537,Bridge,Bridge,8/18/2021,,Sekhukhune,,17.1,5.8,1,Simply supported,1/1/1967
2322,D2535  over Moses river,Bridge,Bridge,8/3/2021,,Sekhukhune,,48.3,10.2,3,Simply supported,1/1/1967
2324,D17 over river,Bridge,Bridge,8/10/2021,,Vhembe,,20.2,9.1,2,Simply supported,1/1/1966
2327,D192 over Sterk river,Bridge,Bridge,9/10/2021,,Waterberg,,52.4,11.8,4,Simply supported,1/1/1973
2328,D673 over Rail,Bridge,Bridge,9/2/2021,,Mopani,,11.5,12.5,1,Simply supported,1/1/1968
2349,D523 over Hamawasha river,Bridge,Bridge,8/5/2021,,Mopani,,13.2,8.8,1,Simply supported,1/1/1961
2356A,P134/2 over Rail,Bridge,Bridge,1/27/2022,,Waterberg,,39,15.5,3,Continuous,1/1/1973
2362,P51/3 over Diepkloof river,Bridge,Bridge,2/2/2022,,Sekhukhune,,32.8,12.7,4,Simply supported,1/1/1968
2383,D673 over river,Bridge,Bridge,9/2/2021,,Mopani,,30.8,11.9,3,Continuous,1/1/1967
2399,P110/1 over Pienaars river,Bridge,Bridge,2/7/2022,,Waterberg,,69.7,9.4,3,Cable,1/1/1968
2424,D548 over river,Bridge,Bridge,9/5/2021,,Mopani,,10.3,10.4,1,Simply supported,1/1/1966
2444,P94/2 over river,Bridge,Bridge,8/10/2021,,Vhembe,,28.9,12.3,3,Simply supported,1/1/1973
2445,P94/2 over river,Bridge,Bridge,8/9/2021,,Vhembe,,26.2,12.3,3,Simply supported,1/1/1973
2446,P94/2 over Setonki River,Bridge,Bridge,8/9/2021,,Vhembe,,52.8,12.4,8,Simply supported,1/1/1973
2450,D673 over river,Bridge,Bridge,9/5/2021,,Mopani,,16.2,12.4,1,Simply supported,1/1/1966
2453,D2748 over Sand river,Bridge,Bridge,7/28/2021,,Waterberg,,15.6,9.3,1,Simply supported,1/1/1967
2455,D673 over river,Bridge,Bridge,9/5/2021,,Mopani,,16.4,11.9,1,Simply supported,1/1/1967
2522,D1200 over Hout river,Bridge,Bridge,8/4/2021,,Capricorn,,64.4,12.4,4,Simply supported,1/1/1968
2523,D869 over Brak river,Bridge,Bridge,8/31/2021,,Waterberg,,29.3,11.96,3,Simply supported,1/1/1967
2524,D869 over Bier spruit,Bridge,Bridge,7/30/2021,,Waterberg,,31.2,12,6,Simply supported,1/1/1967
2526,D1888  over railway,Bridge,Bridge,8/3/2021,,Sekhukhune,,30,12.4,3,Simply supported,1/1/1967
2527,D21 over river,Bridge,Bridge,9/4/2021,,Mopani,,16.3,12.4,1,Simply supported,1/1/1968
2541,P134/3 over Nkumpi river,Bridge,Bridge,1/27/2022,,Capricorn,,81.3,11.3,5,Simply supported,1/1/1968
2542,D869 over Bier spruit,Bridge,Bridge,7/30/2021,,Waterberg,,20.4,11.96,4,Simply supported,1/1/1967
2543,D869 over Brak spruit,Bridge,Bridge,9/1/2021,,Waterberg,,25.5,12.1,5,Simply supported,1/1/1967
2551,D21 over Selati river,Bridge,Bridge,9/4/2021,,Mopani,,49.8,12.9,3,Simply supported,1/1/1967
2569,D86 over Rail,Bridge,Bridge,8/4/2021,,Mopani,,6.4,16.4,1,Simply supported,1/1/1967
2611,D959 over Sinugane river,Bridge,Bridge,8/14/2021,,Vhembe,,32.2,12.5,3,Simply supported,1/1/1968
2726,P142/1 over river,Bridge,Bridge,9/4/2021,,Mopani,,16.3,12,1,Simply supported,1/1/1968
2727,D639 over Sterk river,Bridge,Bridge,9/8/2021,,Waterberg,,50,12.35,3,Simply supported,1/1/1968
2728,D190 over Sterk river,Bridge,Bridge,7/23/2021,,Waterberg,,49.4,10.6,3,Simply supported,1/1/1969
2743,D4260 over Motsemohlaba river,Bridge,Bridge,8/12/2021,,Sekhukhune,,34,12.36,4,Simply supported,1/1/1973
2744,D2534 over canal,Bridge,Bridge,8/19/2021,,Capricorn,,8.6,13.1,1,Simply supported,1/1/1968
2745,P207/1  over Groblersdal river,Bridge,Bridge,7/27/2021,,Sekhukhune,,45.89,12.4,10,Continuous,1/1/1969
2748,D959 over river,Bridge,Bridge,8/14/2021,,Vhembe,,35.4,12.5,5,Simply supported,1/1/1969
2804,P43/3 over river,Bridge,Bridge,1/31/2022,,Mopani,,16,12.4,1,Simply supported,1/1/1968
2805,D1489 over Hout river,Bridge,Bridge,9/5/2021,,Vhembe,,82,10.6,5,Simply supported,1/1/1973
2810,P207/1 over rail way,Bridge,Bridge,7/27/2021,,Sekhukhune,,25.9,12.6,3,Simply supported,1/1/1974
2817,P43/3 over river,Bridge,Bridge,2/1/2022,,Mopani,,20,12.4,3,Simply supported,1/1/1968
2846,P33/1 over Olifants river,Bridge,Bridge,2/7/2022,,Capricorn,,156,12,4,Continuous,1/1/1972
2852,P98/2 over river,Bridge,Bridge,8/14/2021,,Vhembe,,16.8,12.5,1,Simply supported,1/1/1971
2935,D1235 over Crocodile river,Bridge,Bridge,8/31/2021,,Waterberg,,123.5,12.3,5,Simply supported,1/1/1972
2956,D192 over Sekelbos river,Bridge,Bridge,9/10/2021,,Waterberg,,17,12.3,1,Simply supported,1/1/1970
2987,D1253 over Luvuvhu river,Bridge,Bridge,9/2/2021,,Vhembe,,55,12.5,2,Simply supported,1/1/1973
3015,D5 over Sand river,Bridge,Bridge,7/27/2021,,Capricorn,,97.5,12.2,6,Simply supported,1/1/1970
3019,D180 over Buffel spruit,Bridge,Bridge,8/23/2021,,Waterberg,,16.7,12.4,1,Simply supported,1/1/1960
3041,D727 over Bier spruit,Bridge,Bridge,8/30/2021,,Waterberg,,49.2,9.7,3,Simply supported,1/1/1970
3048,P169/3  over river,Bridge,Bridge,8/18/2021,,Sekhukhune,,9.3,13,1,Simply supported,1/1/1970
3070,P98/2 over river,Bridge,Bridge,9/4/2021,,Vhembe,,33.55,12.1,4,Simply supported,1/1/1971
3080,D848 over river,Bridge,Bridge,7/31/2021,,Mopani,,179,12.2,6,Continuous,1/1/1972
3081,D848 over Selokwe river,Bridge,Bridge,7/31/2021,,Mopani,,109.5,12.2,4,Continuous,1/1/1972
3087,D1350 over river,Bridge,Bridge,9/5/2021,,Mopani,,16.4,12.4,1,Simply supported,1/1/1970
3092,D463 over Sand river,Bridge,Bridge,8/6/2021,,Capricorn,,34.3,12.3,2,Simply supported,1/1/1972
3094,P17/3 over river,Bridge,Bridge,1/31/2022,,Mopani,,15.8,12.3,1,Simply supported,1/1/1960
3095,P17/3 over Lions Donga river,Bridge,Bridge,1/31/2022,,Mopani,,23,12.6,2,Simply supported,1/1/1979
3119,D345 over Sterk river,Bridge,Bridge,9/10/2021,,Waterberg,,68.4,12.4,4,Simply supported,1/1/1973
3120,D579 over Palala river,Bridge,Bridge,8/27/2021,,Waterberg,,59.8,12.4,7,Simply supported,1/1/1973
3126,D1034 over Lindersloop,Bridge,Bridge,7/31/2021,,Mopani,,49.2,11.6,3,Simply supported,1/1/1971
3127,D19 over Bloed river,Bridge,Bridge,7/16/2021,,Capricorn,,49.9,12.28,3,Simply supported,1/1/1975
3182,P33/1 over Motse river,Bridge,Bridge,2/7/2022,,Sekhukhune,,125,12,5,Simply supported,1/1/1976
3188,D4260 over river,Bridge,Bridge,8/12/2021,,Sekhukhune,,13,12,1,Simply supported,1/1/1974
3221,D1656 over Makhutswi river,Bridge,Bridge,8/4/2021,,Mopani,,127.7,12.2,7,Simply supported,1/1/1976
3222,D1656 over Rail,Bridge,Bridge,8/4/2021,,Mopani,,27.8,13.8,2,Continuous,1/1/1976
3236,D928 over river,Bridge,Bridge,8/23/2021,,Waterberg,,16.6,12.5,2,Simply supported,1/1/1974
3252,D617 over river,Bridge,Bridge,7/22/2021,,Capricorn,,42.5,12.3,5,Simply supported,1/1/1972
3307,D1909 over Klaserie river,Bridge,Bridge,8/2/2021,,Mopani,,125,11.9,5,Simply supported,1/1/1977
3322,D972 over Melk river,Bridge,Bridge,8/26/2021,,Waterberg,,51,12.5,3,Simply supported,1/1/1979
3323,D972 over Koperspruit river,Bridge,Bridge,8/27/2021,,Waterberg,,16,12.6,1,Simply supported,1/1/1974
3357,D887 over Mogalakwena River,Bridge,Bridge,2/2/2022,,Capricorn,,116.8,10.7,7,Simply supported,1/1/1984
3363,P135/1 over river,Bridge,Bridge,8/12/2021,,Vhembe,,58.8,12.5,7,Simply supported,1/1/1977
3397,D8 over Rail,Bridge,Bridge,9/5/2021,,Mopani,,36.4,16.4,3,Simply supported,1/1/1978
3420,D192 over Brak river,Bridge,Bridge,9/10/2021,,Waterberg,,16.6,12.3,2,Simply supported,1/1/1973
3437,D1257 over river,Bridge,Bridge,8/6/2021,,Capricorn,,11.8,12,1,Simply supported,1/1/1960
3450,D1803 over Blyde river,Bridge,Bridge,8/2/2021,,Mopani,,80.3,12.3,5,Simply supported,1/1/1975
346,P20/2 over Crocodile river,Bridge,Bridge,8/31/2021,,Waterberg,,138.8,10.7,5,Simply supported,1/1/2015
3524,P43/3 over Road,Bridge,Bridge,2/7/2022,,Mopani,,18,16,1,Simply supported,1/1/1965
3545,D241  over Kruis river,Bridge,Bridge,8/2/2021,,Sekhukhune,,16.8,12.2,1,Simply supported,1/1/1974
3613,D2672 over BrandBoontjiesriver,Bridge,Bridge,7/31/2021,,Mopani,,33.6,11.7,2,Simply supported,1/1/1970
3618,D202 over Ga-Selati river,Bridge,Bridge,8/4/2021,,Mopani,,62,12.2,4,Simply supported,1/1/1976
3630,D965 over future rail,Bridge,Bridge,9/9/2021,,Waterberg,,8.2,12.9,1,Simply supported,1/1/1973
3649,P54/1 over river,Bridge,Bridge,2/1/2022,,Capricorn,,25,12.6,3,Simply supported,1/1/1974
3661,D202 over river,Bridge,Bridge,8/4/2021,,Mopani,,32,11.8,2,Simply supported,1/1/1974
3677,D9 over Nsami river,Bridge,Bridge,1/26/2022,,Mopani,,33.6,14.2,3,Simply supported,1/1/1978
3679,D9 over Shingwedzi river,Bridge,Bridge,1/26/2022,,Vhembe,,22.8,13.8,2,Simply supported,1/1/1976
3710,D2657 over Sand river,Bridge,Bridge,7/27/2021,,Capricorn,,90.1,10.59,5,Simply supported,1/1/1982
3743,D1942 Over River,Bridge,Bridge,8/11/2021,,Vhembe,,74.2,12.5,3,Simply supported,1/1/1975
3773,D1235 over Rhenoster spruit,Bridge,Bridge,8/31/2021,,Waterberg,,25.8,12.6,3,Simply supported,1/1/1976
3832,D1509 over river,Bridge,Bridge,8/31/2021,,Mopani,,10.8,11,1,Simply supported,1/1/1980
3841,D617 over river,Bridge,Bridge,7/27/2021,,Capricorn,,9.2,10.3,1,Frame,1/1/1984
3846,P98/2 over river,Bridge,Bridge,8/14/2021,,Vhembe,,11.6,15.8,1,Simply supported,1/1/1977
3895,D887 over river,Bridge,Bridge,2/2/2022,,Capricorn,,35.1,13,2,Simply supported,1/1/1977
3896,P43/3 over Road,Bridge,Bridge,2/7/2022,,Mopani,,24,16,1,Simply supported,1/1/1965
3899,D2534 over Elands river,Bridge,Bridge,8/19/2021,,Capricorn,,86,12.75,4,Continuous,1/1/1985
3902,D1826 over river,Bridge,Bridge,9/4/2021,,Mopani,,32,11.2,2,Simply supported,1/1/1975
3906,D212  over river,Bridge,Bridge,8/4/2021,,Sekhukhune,,19.3,12.6,2,Simply supported,1/1/1970
3907,D212  over Dwars river,Bridge,Bridge,8/4/2021,,Sekhukhune,,62.4,12.4,3,Simply supported,1/1/1970
3985,D202 over river,Bridge,Bridge,8/4/2021,,Mopani,,10,12.5,1,Simply supported,1/1/1970
4006,D2534  over Trib of Olifants,Bridge,Bridge,8/19/2021,,Capricorn,,33.7,13.4,4,Simply supported,1/1/2005
4057,P135/1 over river,Bridge,Bridge,8/11/2021,,Vhembe,,40,12.6,8,Simply supported,1/1/1977
411,D1458  over Olifants river,Bridge,Bridge,8/5/2021,,Sekhukhune,,112.8,12.9,6,Continuous,1/1/1985
4112,D1483 over river,Bridge,Bridge,8/9/2021,,Vhembe,,32.8,12.6,4,Simply supported,1/1/1977
4127,D1483 over river,Bridge,Bridge,8/9/2021,,Vhembe,,13.2,17.8,3,Simply supported,1/1/1977
4129,D1483 over river,Bridge,Bridge,8/9/2021,,Vhembe,,12.9,22.5,3,Simply supported,1/1/1977
4130,D930 over Rail,Bridge,Bridge,9/10/2021,,Waterberg,,38,12.4,4,Simply supported,1/1/1985
4133,D1483 over river,Bridge,Bridge,8/9/2021,,Vhembe,,25.5,11.2,3,Simply supported,1/1/1977
4138,D1483 over river,Bridge,Bridge,8/9/2021,,Vhembe,,17.2,12.6,2,Simply supported,1/1/1978
4139,D932 over Mmadikiri spruit,Bridge,Bridge,7/22/2021,,Waterberg,,42.2,12.2,3,Simply supported,1/1/1983
4146,D4050 over Mohlapitse river,Bridge,Bridge,8/13/2021,,Capricorn,,90,10.75,6,Continuous,1/1/2007
4186,D1483 over river,Bridge,Bridge,8/9/2021,,Vhembe,,32.6,10.4,4,Simply supported,1/1/1979
4187,D1483 over river,Bridge,Bridge,8/9/2021,,Vhembe,,32.6,11.4,4,Simply supported,1/1/1978
4188,D175 over Rail,Bridge,Bridge,7/29/2021,,Waterberg,,31.5,12.5,3,Simply supported,1/1/1975
4196,D2701 over Rail,Bridge,Bridge,7/30/2021,,Waterberg,,22.5,12.7,1,Simply supported,1/1/1979
4207,D1483 over Kongo Loop,Bridge,Bridge,8/9/2021,,Vhembe,,25.5,10.4,3,Simply supported,1/1/1979
4208,D1483 over river,Bridge,Bridge,8/9/2021,,Vhembe,,27.3,10.6,3,Simply supported,1/1/2000
4248,D1483 over river,Bridge,Bridge,8/9/2021,,Vhembe,,26.2,10.4,3,Simply supported,1/1/1979
4249,D1483 over river,Bridge,Bridge,8/9/2021,,Vhembe,,49,10.4,6,Simply supported,1/1/1979
4264,D1552 over Strydomsloop,Bridge,Bridge,8/4/2021,,Capricorn,,40.8,10.7,5,Simply supported,1/1/1983
4265,D1836 over Poer se Loop,Bridge,Bridge,7/26/2021,,Waterberg,,49.2,10,3,Simply supported,1/1/1980
4266,D1597 over river,Bridge,Bridge,7/27/2021,,Mopani,,64.6,10.6,4,Simply supported,1/1/1982
4283,D972 over river,Bridge,Bridge,7/28/2021,,Waterberg,,8.5,13.5,1,Simply supported,1/1/1980
4284,D972 over river,Bridge,Bridge,8/26/2021,,Waterberg,,13.8,13.2,3,Simply supported,1/1/1980
4297,D2460 over Crocodile river,Bridge,Bridge,8/23/2021,,Waterberg,,74,10.6,4,Simply supported,1/1/1985
4298,D148  over river,Bridge,Bridge,8/2/2021,,Sekhukhune,,16.6,10.7,2,Simply supported,1/1/1980
43,D1801 over Ramadipa river,Bridge,Bridge,9/2/2021,,Mopani,,26,5.5,1,Truss,1/1/1960
4302,D198  over Kruis river,Bridge,Bridge,8/2/2021,,Sekhukhune,,46.8,11,3,Simply supported,1/1/1975
4318,D2460 over Elandslaagte spruit,Bridge,Bridge,7/30/2021,,Waterberg,,30.3,11.6,6,Simply supported,1/1/1980
435,D2239 over river,Bridge,Bridge,9/5/2021,,Mopani,,37.1,4,7,Continuous,1/1/1960
4360,D1174 over Nzhelele river,Bridge,Bridge,8/12/2021,,Vhembe,,48.3,10.7,3,Simply supported,1/1/1975
4361,D1034 over Brand Boontjies riv,Bridge,Bridge,8/3/2021,,Mopani,,16,10.65,1,Simply supported,1/1/1984
4428,D1675 over Matlabas river,Bridge,Bridge,8/24/2021,,Waterberg,,85.6,10.8,5,Simply supported,1/1/1983
4476,D1925 over Matlabas river,Bridge,Bridge,8/24/2021,,Waterberg,,91,10.3,11,Simply supported,1/1/1975
4519,D579 over Rooisloot river,Bridge,Bridge,9/6/2021,,Waterberg,,10,13.4,1,Simply supported,1/1/1982
4540,D2551 over N1/27,Bridge,Bridge,2/7/2022,,Capricorn,,40.1,13.35,2,Cantilever with drop in spans,1/1/1985
4641,D2484  over river,Bridge,Bridge,8/4/2021,,Sekhukhune,,91,10.1,6,Simply supported,1/1/1983
4674,D617 over river,Bridge,Bridge,7/22/2021,,Capricorn,,74.4,10.7,4,Continuous,1/1/1986
4675,D617 over river,Bridge,Bridge,7/22/2021,,Capricorn,,8.4,10.65,1,Simply supported,1/1/1986
4677,D617 over river,Bridge,Bridge,7/22/2021,,Capricorn,,116.2,10.45,6,Continuous,1/1/1986
4730,D1261  over river,Bridge,Bridge,8/4/2021,,Sekhukhune,,25.2,11.9,3,Simply supported,1/1/1980
479,P33/1 over river,Bridge,Bridge,2/7/2022,,Capricorn,,39,8,3,Simply supported,1/1/1957
4812,D2515 over river,Bridge,Bridge,9/9/2021,,Waterberg,,16.2,10,1,Simply supported,1/1/1980
4833,P171/1  over river,Bridge,Bridge,8/3/2021,,Sekhukhune,,10,13.55,1,Simply supported,1/1/1980
4853,D845 over Kolope River,Bridge,Bridge,8/10/2021,,Vhembe,,35,10.6,2,Simply supported,1/1/1980
4854,D190 over river,Bridge,Bridge,7/26/2021,,Waterberg,,33.8,10.5,4,Simply supported,1/1/1986
4871,D544 over Bloed river,Bridge,Bridge,7/21/2021,,Capricorn,,36.9,10.8,2,Simply supported,1/1/1975
4970,D2181 over river,Bridge,Bridge,8/6/2021,,Capricorn,,17.3,10.25,2,Simply supported,1/1/1980
4999,D1649 over Crocodile river,Bridge,Bridge,7/30/2021,,Waterberg,,88.6,10.6,4,Simply supported,1/1/1990
5041,D1458  over river,Bridge,Bridge,8/5/2021,,Sekhukhune,,17.41,10.7,2,Simply supported,1/1/1990
508,D597 over Hout river,Bridge,Bridge,9/4/2021,,Vhembe,,66.1,12.4,4,Simply supported,1/1/2002
5106,D1170  over Selous river,Bridge,Bridge,8/2/2021,,Sekhukhune,,32.4,10.6,2,Simply supported,1/1/1985
5126,D723 over Rail,Bridge,Bridge,8/14/2021,,Vhembe,,34,10.8,3,Simply supported,1/1/1985
5156,D70 over river,Bridge,Bridge,8/2/2021,,Mopani,,24.9,10.6,3,Simply supported,1/1/1980
5200,D3790 over river,Bridge,Bridge,8/4/2021,,Mopani,,41.3,9.7,3,Continuous,1/1/1990
5200B,D2692 over river,Bridge,Bridge,8/10/2021,,Vhembe,,31.4,10.6,2,Simply supported,1/1/1985
5213,D506 over Brak river,Bridge,Bridge,2/2/2022,,Vhembe,,49.3,10.5,3,Simply supported,1/1/1990
5239,D1292 over Hlangana River,Bridge,Bridge,9/6/2021,,Mopani,,34.1,10.6,2,Simply supported,1/1/1985
5280,D928 over river,Bridge,Bridge,7/30/2021,,Waterberg,,13.2,9,1,Simply supported,1/1/1990
5287,D977 over river,Bridge,Bridge,8/11/2021,,Capricorn,,10.1,10.65,1,Simply supported,1/1/1975
5455,P33/1 over river,Bridge,Bridge,2/7/2022,,Capricorn,,300,12,75,Simply supported,1/1/1975
5475,D2900 over Elands river,Bridge,Bridge,7/27/2021,,Sekhukhune,,83.1,13.5,5,Simply supported,1/1/2005
5477,D21 over Makhutswi River,Bridge,Bridge,9/4/2021,,Mopani,,27,14,3,Continuous,1/1/2005
5602,D2512 over Groot Letaba,Bridge,Bridge,7/28/2021,,Mopani,,59.5,6.45,3,Simply supported,1/1/2001
5605,D3712 over Mutale river,Bridge,Bridge,9/1/2021,,Vhembe,,103.8,4.4,10,Continous and simply supported,1/1/2001
5625,P278/1 over Nzhelele river,Bridge,Bridge,8/13/2021,,Vhembe,,100,13.4,5,Continous and simply supported,1/1/2001
5749,D3708 over Luvuvhu river,Bridge,Bridge,8/30/2021,,Vhembe,,102,11.3,4,Continuous,1/1/2004
5776,D3830 over Klein Letaba river,Bridge,Bridge,8/14/2021,,Vhembe,,6.8,10.7,6,Continuous,1/1/2001
5802,D449 over Nzhelele river,Bridge,Bridge,8/13/2021,,Vhembe,,181.9,13.4,9,Continuous,1/1/2001
5816,D4 over Karringmelk spruit,Bridge,Bridge,9/4/2021,,Vhembe,,45.4,13.4,5,Simply supported,1/1/1960
5820,D3756 over Luvuvhu river,Bridge,Bridge,9/1/2021,,Vhembe,,76.8,11.4,4,Simply supported,1/1/2008
5821,D3150 over Mokholotli river,Bridge,Bridge,8/1/2021,,Mopani,,51.3,9.95,6,Simply supported,1/1/2005
5848,D3709 over Mutshindudi river,Bridge,Bridge,8/31/2021,,Vhembe,,48.3,10.6,3,Simply supported,1/1/2001
5946,D4100 over river,Bridge,Bridge,8/13/2021,,Sekhukhune,,15.3,12.75,2,Continuous,1/1/2002
5970,D4380 over river,Bridge,Bridge,9/7/2021,,Waterberg,,14,13,2,Simply supported,1/1/1975
5971,D4380 over Mogalakwena river,Bridge,Bridge,9/3/2021,,Waterberg,,53.8,11.3,8,Simply supported,1/1/1970
6030,D4250 over Ngwaritsi river,Bridge,Bridge,8/12/2021,,Sekhukhune,,55,12.6,7,Simply supported,1/1/2006
6090,D1350 over river,Bridge,Bridge,7/30/2021,,Mopani,,16,9,1,Simply supported,1/1/2006
6101,D11 over Middle Letaba river,Bridge,Bridge,8/3/2021,,Mopani,,140,10.55,7,Continuous,1/1/2001
6104,D3182 over Molototsi river,Bridge,Bridge,8/3/2021,,Mopani,,15.6,8.6,1,Simply supported,1/1/2002
6107,D4137 over Olifants river,Bridge,Bridge,8/17/2021,,Sekhukhune,,120,10,4,Continuous,1/1/2003
6108,D3750 over Luvuvhu,Bridge,Bridge,9/1/2021,,Vhembe,,119.2,13.6,6,Continous and simply supported,1/1/2003
6111,D4040 over Witsloot River,Bridge,Bridge,2/1/2022,,Capricorn,,81,10.6,4,Continuous,1/1/2004
6112,D4190 over Mohlaletsi River,Bridge,Bridge,8/31/2021,,Sekhukhune,,90,13.45,6,Simply supported,1/1/2004
6113,D2657 over Koper Spruit,Bridge,Bridge,7/27/2021,,Capricorn,,44.4,10.45,4,Continous and simply supported,1/1/2004
6114,D3332 over Hout river,Bridge,Bridge,8/26/2021,,Capricorn,,60.5,10.69,6,Continous and simply supported,1/1/2004
6125,D3500 over Pholotsi river,Bridge,Bridge,9/7/2021,,Waterberg,,20.6,13,3,Simply supported,1/1/2005
6129,D3893 over river,Bridge,Bridge,9/4/2021,,Mopani,,38,12.2,3,Continuous,1/1/2004
6130,D11 over Lebjelebore river,Bridge,Bridge,8/1/2021,,Mopani,,60,10.55,4,Simply supported,1/1/2005
6131,D3881 over Thabina river,Bridge,Bridge,9/4/2021,,Mopani,,52.5,10.6,3,Simply supported,1/1/2004
6137,D3840 over Ka-malilibone river,Bridge,Bridge,7/28/2021,,Mopani,,16.2,10.55,2,Continuous,1/1/2006
6138,D3810 Ext Over Klein Letaba,Bridge,Bridge,7/28/2021,,Mopani,,160,12.95,8,Simply supported,1/1/2007
6139,D4129 over Motse river,Bridge,Bridge,8/17/2021,,Sekhukhune,,42.33,10.55,3,Continuous,1/1/2006
6143,D3681 over Mutsindudi river,Bridge,Bridge,9/2/2021,,Vhembe,,54.8,13.2,3,Simply supported,1/1/2009
6144,D3681 over Tshinane river,Bridge,Bridge,9/2/2021,,Vhembe,,19,14.2,1,Simply supported,1/1/2009
6145,D4100 over Motsemohlaba river,Bridge,Bridge,8/12/2021,,Sekhukhune,,34.2,12.45,4,Frame,1/1/2007
6149,D3180 over Molototsi river,Bridge,Bridge,8/3/2021,,Mopani,,100.8,10.55,6,Simply supported,1/1/2009
6150,D1200 over Mogalakwena river,Bridge,Bridge,8/25/2021,,Capricorn,,90.6,10.55,6,Continous and simply supported,1/1/2007
6151,D3697 over river,Bridge,Bridge,8/11/2021,,Vhembe,,45.2,10.7,8,Simply supported,1/1/2008
6152,D3708 over Mbwedi river,Bridge,Bridge,8/30/2021,,Vhembe,,54,14.4,3,Simply supported,1/1/2006
6153,D4100 over Makotswane river,Bridge,Bridge,8/12/2021,,Sekhukhune,,20,12.55,1,Simply supported,1/1/2008
6153B,D3748 over river,Bridge,Bridge,9/2/2021,,Vhembe,,24,15.2,3,Continuous,1/1/2007
6154,D3761 Over Mambedi river,Bridge,Bridge,9/2/2021,,Vhembe,,20.6,10,1,Simply supported,1/1/2007
6158,D4050 over Mahlatjane river,Bridge,Bridge,8/13/2021,,Capricorn,,22.6,12.6,2,Continuous,1/1/2007
6169,D1350 over river Botludi River,Bridge,Bridge,7/30/2021,,Mopani,,8,11.5,1,Simply supported,1/1/2007
6181,D3187 over Mmaba river,Bridge,Bridge,7/30/2021,,Mopani,,27.2,8.9,4,Simply supported,1/1/2007
6182,D3187 over river,Bridge,Bridge,7/30/2021,,Mopani,,23.6,9.1,3,Simply supported,1/1/2007
6184,D1350 over Nwanedzi river,Bridge,Bridge,7/31/2021,,Mopani,,48.3,8.8,3,Simply supported,1/1/1965
6186,D192 over Klein Mogalakwena ri,Bridge,Bridge,8/27/2021,,Waterberg,,65,10.6,4,Simply supported,1/1/2012
6190,D4204 over Mohlaletsi river,Bridge,Bridge,8/31/2021,,Sekhukhune,,69.2,11,4,Simply supported,1/1/2009
6196,6196 - D3771 over river,Bridge,Bridge,9/4/2021,,,,12.8,18.4,4,Continuous,1/1/2011
6205,P43/3 over Marupyabeni river,Bridge,Bridge,2/1/2022,,Mopani,,48.3,10.6,3,Simply supported,1/1/2010
6208,D4055 over Olifants river,Bridge,Bridge,8/13/2021,,Capricorn,,161,10.65,7,Simply supported,1/1/2010
6209,Access road over Motse river,Bridge,Bridge,2/7/2022,,Sekhukhune,,80,10.55,4,Simply supported,1/1/2011
6217,D3727 Over Klein Letaba,Bridge,Bridge,8/14/2021,,Vhembe,,100,10.6,5,Simply supported,1/1/2015
6227,D3847 over Molototsi river,Bridge,Bridge,7/28/2021,,Mopani,,100,10.55,5,Simply supported,1/1/2012
6229,D4137 over Olifants river,Bridge,Bridge,8/17/2021,,Sekhukhune,,116.3,5.6,3,Truss,1/1/2012
643,D1567 over Rietspruit,Bridge,Bridge,7/27/2021,,Capricorn,,20.7,5.5,3,Simply supported,1/1/1939
681,D1525 over river,Bridge,Bridge,8/3/2021,,Sekhukhune,,10.2,5.5,3,Simply supported,1/1/1965
814,P171/1 over river,Bridge,Bridge,8/3/2021,,Sekhukhune,,18,13.65,1,Simply supported,1/1/1985
837,D217 over Mogalakwena river,Bridge,Bridge,8/25/2021,,Capricorn,,89.4,5.3,5,Cantilever with drop in spans,1/1/1948
86,P95/1 over canal,Bridge,Bridge,8/3/2021,,Sekhukhune,,7.9,12,1,Simply supported,1/1/1964
88,P1/3 over Pienaars river,Bridge,Bridge,9/7/2021,,Waterberg,,32.5,13.2,6,Simply supported,1/1/1968
B194,Truss structure over Steelpoortriver,Bridge,Bridge,2/3/2022,,Sekhukhune,,62.5,4.9,1,Truss,1/1/1926
B6026,D4200 over Dithothwaneng River,Bridge,Bridge,9/1/2021,,Sekhukhune,,30.1,13.75,3,Frame,1/1/2020
NB007,P135/1 over Nzhelele river,Bridge,Bridge,8/12/2021,,Vhembe,,75.8,10.8,5,Simply supported,1/1/1970
NB012,P240/1 over river,Bridge,Bridge,7/28/2021,,Waterberg,,24.6,4.8,3,Simply supported,1/1/1956
NB014,P277/1 over Mutale river,Bridge,Bridge,8/11/2021,,Vhembe,,124.6,13.6,7,Simply supported,1/1/1984
NB015,P277/1 over Mutshindudi river,Bridge,Bridge,9/1/2021,,Vhembe,,17,12.4,2,Simply supported,1/1/1970
NB016,P277/1 Tshinane river,Bridge,Bridge,9/1/2021,,Vhembe,,60,15.3,3,Continuous,1/1/1970
NB017,P277/1 over river,Bridge,Bridge,8/31/2021,,Vhembe,,11.5,11.9,2,Simply supported,1/1/1970
NB018,P277/1 over Mbwedi river,Bridge,Bridge,8/31/2021,,Vhembe,,36.8,12.6,2,Simply supported,1/1/1970
NB019,P278/1 over Khandanama river,Bridge,Bridge,9/4/2021,,Vhembe,,51.5,10.5,5,Simply supported,1/1/1970
NB020,P278/1 over river,Bridge,Bridge,8/13/2021,,Vhembe,,35.5,10.7,4,Simply supported,1/1/1970
NB036,Drift on road D1200,Bridge,Bridge,8/25/2021,,Capricorn,,18.5,4,1,Other,1/1/1970
NB037,D1200 over Mogalakwena river,Bridge,Bridge,2/7/2022,,Capricorn,,53.5,4.7,3,Simply supported,1/1/1970
NB038,D1253 over Lotanyanda River,Bridge,Bridge,9/1/2021,,Vhembe,,21.4,12,1,Simply supported,1/1/1970
NB040,D1324 over Olifants spruit,Bridge,Bridge,7/27/2021,,Waterberg,,39,4.7,3,Simply supported,1/1/1957
NB044,D1460 over Palala river,Bridge,Bridge,8/27/2021,,Waterberg,,43.2,5.2,4,Arch,1/1/1970
NB045,D1489 over  Sand river,Bridge,Bridge,9/5/2021,,Vhembe,,52.8,4.9,4,Simply supported,1/1/1970
NB046,D15 over river,Bridge,Bridge,8/4/2021,,Capricorn,,7.3,9.3,1,Simply supported,1/1/1970
NB053,D1754 over Palala river,Bridge,Bridge,8/30/2021,,Waterberg,,57.6,4.8,7,Simply supported,1/1/1970
NB060,D19 over Rail,Bridge,Bridge,7/21/2021,,Capricorn,,19.7,16,1,Simply supported,1/1/1970
NB063,D1944 over Elands river,Bridge,Bridge,9/8/2021,,Waterberg,,21.7,4.2,4,Simply supported,1/1/1970
NB064,D1944 over river,Bridge,Bridge,9/7/2021,,Waterberg,,51.6,13.4,3,Cellular,1/1/2012
NB065,D1958 over river,Bridge,Bridge,9/9/2021,,Capricorn,,7.2,8.8,1,Simply supported,1/1/1970
NB066,D2018 over Mutamba river,Bridge,Bridge,8/12/2021,,Vhembe,,16.2,8.5,2,Simply supported,1/1/1970
NB068,D2037 over Sand river,Bridge,Bridge,8/4/2021,,Capricorn,,82.2,12.56,5,Simply supported,1/1/1970
NB070,D2211 over Goud river,Bridge,Bridge,9/6/2021,,Waterberg,,23.5,8,1,Cellular,1/1/1970
NB073,D2417 over river,Bridge,Bridge,9/8/2021,,Waterberg,,33,5,3,Simply supported,1/1/2000
NB079,D2575 over Palala river,Bridge,Bridge,8/30/2021,,Waterberg,,48.4,4.6,8,Continuous,1/1/1970
NB087,D2748 over Sand river,Bridge,Bridge,7/28/2021,,Waterberg,,25.4,4.8,3,Simply supported,1/1/1956
NB093,D3150 over river,Bridge,Bridge,8/1/2021,,Mopani,,12.4,9.4,2,Simply supported,1/1/1970
NB094,D3150 over river,Bridge,Bridge,8/1/2021,,Mopani,,39.4,8.8,4,Simply supported,1/1/1970
NB095,D3164 over Middle Letaba river,Bridge,Bridge,9/3/2021,,Vhembe,,47,8,3,Continuous,1/1/1970
NB096,D3164 over river,Bridge,Bridge,9/3/2021,,Vhembe,,6.1,9.2,1,Simply supported,1/1/1970
NB100,D3187 over river,Bridge,Bridge,7/27/2021,,Mopani,,6,8.6,1,Simply supported,1/1/1970
NB101,D3211 over river,Bridge,Bridge,7/29/2021,,Mopani,,13,9.2,2,Simply supported,1/1/1970
NB102,D3248 over river,Bridge,Bridge,9/6/2021,,Mopani,,20.6,10.4,2,Continuous,1/1/1970
NB103,D3252 over Lerwatlou river,Bridge,Bridge,8/5/2021,,Mopani,,70.6,9.6,11,Simply supported,1/1/1970
NB104,D3269 over river,Bridge,Bridge,9/9/2021,,Waterberg,,19.5,9.5,3,Simply supported,1/1/1970
NB108,D3297 over river,Bridge,Bridge,8/25/2021,,Capricorn,,6.6,9,1,Simply supported,1/1/1970
NB110,D3303 over Mogalakwena River Tributary 1,Bridge,Bridge,8/25/2021,,Capricorn,,12.8,9,2,Simply supported,1/1/1970
NB111,D3303 over river,Bridge,Bridge,8/25/2021,,Capricorn,,13.7,9,2,Simply supported,1/1/1970
NB112,D3322 over Boshela River,Bridge,Bridge,8/20/2021,,Capricorn,,19.8,9.91,3,Simply supported,1/1/1970
NB113,D3355 over river,Bridge,Bridge,7/19/2021,,Capricorn,,28.8,8.6,3,Simply supported,1/1/1970
NB114,D3355 over river,Bridge,Bridge,7/16/2021,,Capricorn,,6.67,11.2,1,Simply supported,1/1/1970
NB115,D3364 over river,Bridge,Bridge,7/21/2021,,Capricorn,,6.1,7.9,1,Simply supported,1/1/1970
NB116,D3370 over river,Bridge,Bridge,7/21/2021,,Capricorn,,20.4,9.47,3,Simply supported,1/1/1970
NB117,D3370 over river,Bridge,Bridge,7/21/2021,,Capricorn,,20.9,11.29,3,Simply supported,1/1/1970
NB118,D3377 over river,Bridge,Bridge,7/16/2021,,Capricorn,,32.6,11,5,Simply supported,1/1/1970
NB133,D3576 over river,Bridge,Bridge,9/7/2021,,Waterberg,,7.6,10,1,Simply supported,1/1/1970
NB134,D3576 over river,Bridge,Bridge,9/9/2021,,Waterberg,,14,8.7,2,Simply supported,1/1/1970
NB137,D3634 over river,Bridge,Bridge,7/29/2021,,Vhembe,,13,9.9,2,Simply supported,1/1/1970
NB139,D3635 over Nsama river,Bridge,Bridge,7/29/2021,,Vhembe,,34.1,10.25,3,Simply supported,1/1/1970
NB146,D3653 over river,Bridge,Bridge,8/30/2021,,Vhembe,,28,4.9,4,Simply supported,1/1/1970
NB148,D3671 over Nzhelele river,Bridge,Bridge,8/12/2021,,Vhembe,,68.4,10.7,4,Simply supported,1/1/1970
NB153,D3684 over Mbilili river,Bridge,Bridge,8/12/2021,,Vhembe,,18.6,11.6,3,Simply supported,1/1/1970
NB154,D3685 over river,Bridge,Bridge,8/31/2021,,Vhembe,,21.6,10.3,8,Continous and simply supported,1/1/1970
NB155,D3689 over river,Bridge,Bridge,8/31/2021,,Vhembe,,35,12.6,2,Simply supported,1/1/1970
NB156,D3695 over river,Bridge,Bridge,9/1/2021,,Vhembe,,17.2,11.4,2,Simply supported,1/1/1970
NB157,D3695 over river,Bridge,Bridge,8/31/2021,,Vhembe,,17.6,12,2,Simply supported,1/1/1970
NB159,D3695 over river,Bridge,Bridge,8/31/2021,,Vhembe,,18,13.4,2,Simply supported,1/1/1970
NB160,D3695 over Mutale river,Bridge,Bridge,8/31/2021,,Vhembe,,60,12.6,4,Simply supported,1/1/1970
NB164,D3712 over river,Bridge,Bridge,8/31/2021,,Vhembe,,14.8,12.7,2,Simply supported,1/1/1990
NB167,D3717 over river,Bridge,Bridge,9/1/2021,,Vhembe,,13.2,11.2,2,Simply supported,1/1/1970
NB171,D3734 over river,Bridge,Bridge,8/1/2021,,Mopani,,26.6,10.1,4,Simply supported,1/1/1970
NB172,D3736 over  Mahebe river,Bridge,Bridge,9/1/2021,,Vhembe,,6.9,4.2,1,Simply supported,1/1/1970
NB173,D3740 over Luvuvhu river,Bridge,Bridge,2/7/2022,,Vhembe,,61.9,4.9,21,Frame,1/1/1970
NB174,D3741 over Khandanama river,Bridge,Bridge,9/4/2021,,Vhembe,,59.5,10.1,4,Simply supported,1/1/1970
NB178,D3750 over Luvuvhu river,Bridge,Bridge,9/2/2021,,Vhembe,,26.4,10.2,4,Simply supported,1/1/1970
NB179,D3750 over river,Bridge,Bridge,9/1/2021,,Vhembe,,21.3,11,1,Simply supported,1/1/1970
NB180,D3753 over river,Bridge,Bridge,9/3/2021,,Vhembe,,62.4,10.8,4,Simply supported,1/1/2014
NB184,D3771 over river,Bridge,Bridge,9/22/2021,,Mopani,,12.8,5.7,2,Simply supported,1/1/1970
NB185,D3772 over river,Bridge,Bridge,9/4/2021,,Mopani,,18.8,10.7,2,Simply supported,1/1/1970
NB186,D3902 over river,Bridge,Bridge,9/3/2021,,Mopani,,6.6,11.8,1,Simply supported,1/1/1970
NB188,D3811 over Nsami river,Bridge,Bridge,7/28/2021,,Mopani,,59.5,5.9,9,Simply supported,1/1/1970
NB189,D3827 over Klein Letaba river,Bridge,Bridge,9/3/2021,,Vhembe,,87.5,13.6,5,Simply supported,1/1/1992
NB190,D3830 over river,Bridge,Bridge,8/14/2021,,Vhembe,,17.2,11.2,2,Simply supported,1/1/1965
NB192,D3870 over Letsitele river,Bridge,Bridge,9/4/2021,,Mopani,,37.1,6.4,2,Simply supported,1/1/1965
NB193,D3908 over river,Bridge,Bridge,9/3/2021,,Mopani,,7,9.6,1,Simply supported,1/1/1970
NB204,D4016 over river,Bridge,Bridge,7/22/2021,,Capricorn,,13.8,10.2,2,Simply supported,1/1/1970
NB205,D4017 over river,Bridge,Bridge,7/22/2021,,Capricorn,,20.4,3.7,5,Frame,1/1/2010
NB208,D4068 over Matime river,Bridge,Bridge,8/13/2021,,Capricorn,,29.9,10.8,3,Continuous,1/1/2003
NB209,D4083 over river,Bridge,Bridge,8/11/2021,,Capricorn,,16.8,11.76,3,Simply supported,1/1/1970
NB210,D4199 over river,Bridge,Bridge,9/1/2021,,Sekhukhune,,49,9.2,7,Simply supported,1/1/1970
NB211,D2405 over river,Bridge,Bridge,8/18/2021,,Sekhukhune,,13.4,13,2,Continuous,1/1/2012
NB221,D617 over river,Bridge,Bridge,7/22/2021,,Mopani,,16.2,10.7,1,Frame,1/1/1970
NB224,D3645 over river,Bridge,Bridge,8/30/2021,,Vhembe,,19.35,6,3,Simply supported,1/1/1970
NB228,D873 over Zwanepoelsdrift,Bridge,Bridge,8/26/2021,,Capricorn,,7.2,8.6,1,Simply supported,1/1/1970
NB229,Drift on road D873,Bridge,Bridge,9/21/2021,,Waterberg,,29,8.3,1,Other,1/1/1970
NB231,D924 over river,Bridge,Bridge,9/7/2021,,Waterberg,,21,5.3,6,Continuous,1/1/1970
NB232,D928 over river,Bridge,Bridge,8/23/2021,,Waterberg,,27,7.9,3,Simply supported,1/1/1970
NB233,D928 over Sand river,Bridge,Bridge,8/24/2021,,Waterberg,,50.2,8.2,3,Simply supported,1/1/1970
NB238,D3669 over Mutshedzi river,Bridge,Bridge,8/13/2021,,Vhembe,,39.2,11.4,4,Simply supported,1/1/1970
NB241,D3210 over river,Bridge,Bridge,8/1/2021,,Mopani,,6.5,8.3,1,Simply supported,1/1/1970
NB242,D3223 over river,Bridge,Bridge,8/1/2021,,Mopani,,38.8,5,4,Simply supported,1/1/1970
NB243,D3232 over river,Bridge,Bridge,8/1/2021,,Mopani,,18.5,8.9,2,Simply supported,1/1/1970
NB244,D3406 over Hout River,Bridge,Bridge,2/4/2022,,Capricorn,,32.6,4.3,5,Simply supported,1/1/1960
NB245,D3666 over Luvuvhu river,Bridge,Bridge,8/30/2021,,Vhembe,,48,9.8,4,Simply supported,1/1/1970
NB246,D3753 over river,Bridge,Bridge,2/4/2022,,Vhembe,,4.95,4.35,1,Simply supported,1/1/1970
NB247,D3777 over river,Bridge,Bridge,2/4/2022,,Vhembe,,12.4,5.4,2,Simply supported,1/1/1970
NB253,D3980 over Groot Letaba  river,Bridge,Bridge,7/28/2021,,Mopani,,180.8,10.8,9,Simply supported,1/1/1970
NB254,D3953 over river,Bridge,Bridge,9/3/2021,,Vhembe,,20.3,11.4,3,Simply supported,1/1/1970
NB255,D4217 over Ngwaritsi river,Bridge,Bridge,8/12/2021,,Sekhukhune,,42,5,7,Simply supported,1/1/1970
NB257,D4066 over river,Bridge,Bridge,8/19/2021,,Capricorn,,36.5,12.55,5,Simply supported,1/1/1938
NB258,D4000 over river,Bridge,Bridge,8/11/2021,,Capricorn,,26.6,9.2,4,Simply supported,1/1/1970
NB259,D4000 over river,Bridge,Bridge,8/11/2021,,Capricorn,,9,8.45,1,Simply supported,1/1/1970
SB1226,D598 over Rail,Bridge,Bridge,9/2/2021,,Waterberg,,28.2,10.6,3,Simply supported,1/1/1996
UN112,D3684 over river,Bridge,Bridge,8/13/2021,,Vhembe,,14.6,16,2,Simply supported,1/1/1975
UN114,D3669 over river,Bridge,Bridge,8/13/2021,,Vhembe,,38.8,11.5,4,Simply supported,1/1/1970
UN117,D929 over river,Bridge,Bridge,9/4/2021,,Vhembe,,62.5,4.2,11,Simply supported,1/1/1965
UN119,D8 over river,Bridge,Bridge,9/4/2021,,Mopani,,8.7,11.5,1,Simply supported,1/1/1960
UN12,D4204 over Mohlaletsi river,Bridge,Bridge,9/22/2021,,Sekhukhune,,68.4,10.7,4,Simply supported,1/1/2009
UN122,Rail over D523,Bridge,Bridge,8/5/2021,,Mopani,,17.6,9.5,1,Simply supported,1/1/1960
UN123,Rail over D589,Bridge,Bridge,9/2/2021,,Mopani,,28.6,17.2,1,Simply supported,1/1/1965
UN127,D1801 over Rail,Bridge,Bridge,7/31/2021,,Mopani,,56,14,4,Simply supported,1/1/1960
UN132,D3180 over river,Bridge,Bridge,8/3/2021,,Mopani,,13,11,1,Simply supported,1/1/1985
UN134,D3247 over Nwanedzi River,Bridge,Bridge,9/6/2021,,Mopani,,36.6,9.6,2,Simply supported,1/1/1965
UN135,D5011 over canal,Bridge,Bridge,9/5/2021,,Mopani,,13.8,12.1,1,Simply supported,1/1/1988
UN136,D5011 over river,Bridge,Bridge,9/5/2021,,Mopani,,45,13.7,3,Simply supported,1/1/1988
UN137,D5011 over canal,Bridge,Bridge,9/5/2021,,Mopani,,9.3,12.1,1,Simply supported,1/1/1988
UN14,D4050 over Tongwane river,Bridge,Bridge,8/13/2021,,Capricorn,,8.75,12.47,2,Continous and simply supported,1/1/1960
UN155,P43/3 over river,Bridge,Bridge,1/27/2022,,Mopani,,17.5,8.7,2,Simply supported,1/1/1965
UN156,P43/3 over river,Bridge,Bridge,1/27/2022,,Mopani,,18.7,10,2,Simply supported,1/1/1965
UN163,D5012 over Rail & Road,Bridge,Bridge,8/2/2021,,Mopani,,84,13.2,4,Continuous,1/1/1975
UN164,D5012 over Rail,Bridge,Bridge,8/2/2021,,Mopani,,34.5,13.1,3,Simply supported,1/1/1990
UN165,D21 over river,Bridge,Bridge,9/4/2021,,Mopani,,18.2,5.4,5,Simply supported,1/1/1965
UN167,D21 over river,Bridge,Bridge,9/4/2021,,Mopani,,6.2,9.65,1,Simply supported,1/1/1960
UN168,D21 over river,Bridge,Bridge,9/3/2021,,Mopani,,26.65,9.2,4,Simply supported,1/1/1960
UN169,D21 over river,Bridge,Bridge,9/3/2021,,Mopani,,6.2,9,1,Simply supported,1/1/1960
UN170,D21 over river,Bridge,Bridge,9/3/2021,,Mopani,,6.1,9.5,1,Simply supported,1/1/1960
UN171,D21 over Moetladimo river,Bridge,Bridge,9/3/2021,,Mopani,,20.32,9.1,3,Simply supported,1/1/1960
UN172,D21 over Malomanye river,Bridge,Bridge,9/3/2021,,Mopani,,12.7,9.8,2,Simply supported,1/1/1960
UN173,D21 over river,Bridge,Bridge,9/3/2021,,Mopani,,13.9,10,2,Simply supported,1/1/1960
UN174,D21 over river,Bridge,Bridge,9/3/2021,,Mopani,,19.3,11,3,Simply supported,1/1/1960
UN175,D21 over river,Bridge,Bridge,9/3/2021,,Mopani,,6.1,11,1,Simply supported,1/1/1960
UN176,D21 over river,Bridge,Bridge,9/3/2021,,Mopani,,26.2,9.9,4,Simply supported,1/1/1960
UN177,D21 over river,Bridge,Bridge,9/3/2021,,Mopani,,15.2,10.5,2,Simply supported,1/1/1960
UN178,D21 over river,Bridge,Bridge,9/3/2021,,Mopani,,6.5,9.53,1,Simply supported,1/1/1960
UN179,D21 over river,Bridge,Bridge,9/3/2021,,Mopani,,6.3,10.1,1,Simply supported,1/1/1975
UN18,D4070 over Hlakaro river,Bridge,Bridge,8/13/2021,,Capricorn,,13.2,9.4,2,Simply supported,1/1/1975
UN180,D21 over river,Bridge,Bridge,9/3/2021,,Mopani,,10.8,9.4,2,Simply supported,1/1/1976
UN184,P43/3 over Reshewele River,Bridge,Bridge,1/26/2022,,Mopani,,30,10.8,4,Continuous,1/1/1965
UN185,D1350 over river,Bridge,Bridge,7/31/2021,,Mopani,,6.5,10,1,Simply supported,1/1/1965
UN187A,D1350 over river,Bridge,Bridge,7/30/2021,,Mopani,,12.3,10,3,Frame,1/1/2005
UN188,D1350 over river,Bridge,Bridge,7/30/2021,,Mopani,,6.5,9.5,1,Simply supported,1/1/1965
UN189,D1350 over river,Bridge,Bridge,7/30/2021,,Mopani,,6.5,10,1,Simply supported,1/1/1965
UN196,D3164 over river,Bridge,Bridge,9/3/2021,,Vhembe,,84,4.8,12,Simply supported,1/1/1965
UN197,D3200 over river,Bridge,Bridge,8/1/2021,,Mopani,,21,8.7,3,Simply supported,1/1/1965
UN198,D3200 over river,Bridge,Bridge,8/1/2021,,Mopani,,11.4,8.8,2,Simply supported,1/1/1965
UN199,D3200 over river,Bridge,Bridge,8/1/2021,,Mopani,,12.2,8.9,2,Simply supported,1/1/1965
UN200,D3200 over river,Bridge,Bridge,8/1/2021,,Mopani,,20.4,8.7,3,Simply supported,1/1/1965
UN202,D3200 over river,Bridge,Bridge,7/30/2021,,Mopani,,20.1,9,3,Simply supported,1/1/1965
UN206N,D3641 Over Nsami Dam,Bridge,Bridge,7/29/2021,,Mopani,,114.5,10.7,6,Simply supported,1/1/2010
UN207,D3641 over Shinwedzi river,Bridge,Bridge,7/28/2021,,Mopani,,49.5,4.8,7,Simply supported,1/1/1981
UN208,D3763 over  Letsitele river,Bridge,Bridge,9/5/2021,,Mopani,,24.7,8.5,2,Simply supported,1/1/1960
UN209,D3810 over Magobe river,Bridge,Bridge,7/28/2021,,Mopani,,14,11.8,2,Simply supported,1/1/1980
UN210,D3810 over river,Bridge,Bridge,7/28/2021,,Mopani,,21.5,11.8,3,Simply supported,1/1/1980
UN215,D3820 over river,Bridge,Bridge,8/1/2021,,Mopani,,39.1,4.84,6,Simply supported,1/1/1965
UN218,D3912 over river,Bridge,Bridge,9/5/2021,,Mopani,,19.9,8.7,3,Simply supported,1/1/1960
UN230,D2509 over Rail,Bridge,Bridge,7/30/2021,,Waterberg,,32.7,13,3,Simply supported,1/1/1966
UN231,D2816 over Conveyor,Bridge,Bridge,8/30/2021,,Waterberg,,12.2,11.3,1,Simply supported,1/1/1975
UN25,D4100 over Olifants river,Bridge,Bridge,8/12/2021,,Sekhukhune,,129.5,4.6,3,Truss,1/1/1960
UN260,D4190 over Lepallane river,Bridge,Bridge,8/31/2021,,Sekhukhune,,23.5,9.8,4,Simply supported,1/1/1960
UN268,D4050 over Mpogodima river,Bridge,Bridge,8/13/2021,,Capricorn,,40.5,13.39,5,Simply supported,1/1/1975
UN268B,D4268 over Ngwaritsi river,Bridge,Bridge,8/5/2021,,Sekhukhune,,56.2,12.6,9,Cantilever with drop in spans,1/1/1975
UN27,D4134 over Malokele river,Bridge,Bridge,8/17/2021,,Sekhukhune,,13.5,12,2,Simply supported,1/1/1960
UN270,D4134 over river,Bridge,Bridge,8/17/2021,,Sekhukhune,,13.4,11.5,2,Simply supported,1/1/1960
UN271,D4134 over Motse river,Bridge,Bridge,8/17/2021,,Sekhukhune,,38.4,11.2,2,Simply supported,1/1/1975
UN274,D2484 over river,Bridge,Bridge,2/7/2022,,Sekhukhune,,6,12,2,Continuous,1/1/1975
UN275,D4100 over Moganyaka river,Bridge,Bridge,8/5/2021,,Sekhukhune,,14.3,11.8,2,Simply supported,1/1/1975
UN276,D4100 over Phuleng river,Bridge,Bridge,8/13/2021,,Sekhukhune,,28,11.2,3,Simply supported,1/1/1990
UN277,D4100 over Puleng river,Bridge,Bridge,8/13/2021,,Sekhukhune,,28,10.85,3,Simply supported,1/1/1975
UN278,D4100 over river,Bridge,Bridge,8/13/2021,,Sekhukhune,,22,10.5,2,Simply supported,1/1/1975
UN279,D4100 over Motsephiri river,Bridge,Bridge,8/13/2021,,Sekhukhune,,37.3,10.55,4,Simply supported,1/1/1975
UN280,D2219 over Ngwaritsi river,Bridge,Bridge,1/26/2022,,Sekhukhune,,28,12.6,3,Continuous,1/1/1975
UN281,D2219 over shakwaneng river,Bridge,Bridge,1/27/2022,,Sekhukhune,,11.9,14.4,2,Frame,1/1/1960
UN283,D2219 over river,Bridge,Bridge,1/27/2022,,Sekhukhune,,10.2,14.2,1,Simply supported,1/1/1975
UN284,D2219 over Shakwaneng river,Bridge,Bridge,1/26/2022,,Sekhukhune,,14,9.1,2,Simply supported,1/1/1960
UN29,D4170 over Sefufule river,Bridge,Bridge,8/19/2021,,Sekhukhune,,13,11.2,3,Simply supported,1/1/1975
UN30,D4170 over Pororo river,Bridge,Bridge,8/19/2021,,Sekhukhune,,21.3,10.7,3,Simply supported,1/1/1975
UN302,P17/3 over river,Bridge,Bridge,2/7/2022,,Mopani,,5,18,2,Continuous,1/1/1960
UN303,D21 over river,Bridge,Bridge,9/3/2021,,Mopani,,12.6,9.5,2,Simply supported,1/1/1960
UN306,D1231 over river,Bridge,Bridge,9/9/2021,,Waterberg,,8.5,7.5,1,Simply supported,1/1/1970
UN33,D4180 over river,Bridge,Bridge,8/19/2021,,Sekhukhune,,12.5,10,5,Cellular,1/1/1975
UN35,D4190 over Tswaing river,Bridge,Bridge,8/31/2021,,Sekhukhune,,14,9.8,2,Simply supported,1/1/1975
UN36,D4190 over Pelangwe river,Bridge,Bridge,8/31/2021,,Sekhukhune,,7.3,9.7,1,Simply supported,1/1/1975
UN37,D4200 over Dithothwaneng River,Bridge,Bridge,9/1/2021,,Sekhukhune,,25.1,9.96,2,Simply supported,1/1/1975
UN38,D4200 over Lepellane river,Bridge,Bridge,9/1/2021,,Sekhukhune,,14,11,2,Simply supported,1/1/1960
UN39,D4200 over river,Bridge,Bridge,9/1/2021,,Sekhukhune,,6.3,11,1,Simply supported,1/1/1975
UN40,D4220 over river,Bridge,Bridge,8/31/2021,,Sekhukhune,,13.8,9.1,2,Simply supported,1/1/1970
UN43,D4250 over Lepellane river,Bridge,Bridge,9/1/2021,,Sekhukhune,,21.04,12.06,3,Continuous,1/1/1975
UN45,D4263 over river,Bridge,Bridge,8/12/2021,,Sekhukhune,,12.5,7,2,Simply supported,1/1/1975
UN46,D4280 over Monapanade river,Bridge,Bridge,1/27/2022,,Sekhukhune,,6,10.5,1,Simply supported,1/1/1975
UN47,D4285 over Motsephiri river,Bridge,Bridge,8/5/2021,,Sekhukhune,,20.2,9.2,3,Simply supported,1/1/1975
UN48,D885 over river,Bridge,Bridge,8/19/2021,,Capricorn,,26.2,10.6,4,Simply supported,1/1/1975
UN49,D885 over river,Bridge,Bridge,8/19/2021,,Capricorn,,8.1,12.7,1,Simply supported,1/1/1975
UN67,D1356 over Dwars river,Bridge,Bridge,7/27/2021,,Capricorn,,32.9,8.69,4,Simply supported,1/1/1980
UN70,D1200 over river,Bridge,Bridge,8/20/2021,,Capricorn,,13,9.5,2,Simply supported,1/1/1987
UN94,D3653 over river,Bridge,Bridge,2/7/2022,,Vhembe,,17,5.8,7,Cellular,1/1/1975
UNL01,D1350 over river,Bridge,Bridge,7/30/2021,,Mopani,,7,12,1,Simply supported,1/1/1965
UNL03,D1350 over river,Bridge,Bridge,7/30/2021,,Mopani,,13,9.4,2,Simply supported,1/1/1965
UNL06,D3180 over river,Bridge,Bridge,7/30/2021,,Mopani,,6.8,10,1,Simply supported,1/1/1965
